text,label,model,source
"I recently purchased the SmartPro Blender and it has completely transformed my kitchen routine. The 1500-watt motor effortlessly crushes ice, blends smoothies, and even heats soups! The touchscreen controls are intuitive, though the preset modes could use more customization. Cleaning is a breeze with the self-cleaning function, but the noise level is slightly higher than expected. Overall, a fantastic investment for health enthusiasts who want durability and performance. The stainless steel blades and 64-ounce pitcher are perfect for large families. I deducted one star only because the warranty could be longer.",1,chatGPT,english
"The UltraGrip Phone Mount for cars is a game-changer for navigation. Its 360-degree rotation and strong suction cup stay secure even on bumpy roads. However, the adhesive pad leaves residue on dashboards, and larger phones (like the iPhone Pro Max) fit awkwardly. The build quality feels premium, but the arm occasionally wobbles. For the price, it’s decent but not perfect. I’d recommend it for short trips but not for heavy daily use. The packaging was eco-friendly, which I appreciated. A solid 4-star product with minor flaws.",1,chatGPT,english
"After trying the ZenSleep Weighted Blanket, my sleep quality improved dramatically. The 20-lb distributed pressure is calming, though it takes a few nights to adjust. The bamboo cover is breathable but tends to wrinkle easily. The stitching is durable, but the inner glass beads shift slightly over time. It’s worth the investment for anxiety relief, but I wish it came in more sizes. The customer service team was responsive when I had sizing questions. Note: This blanket is *not* machine washable—spot cleaning only. A cozy 4.5/5 stars!",1,chatGPT,english
"The FlexFit Resistance Bands set is excellent for home workouts. The five bands offer progressive tension, and the carrying case is a nice touch. However, the latex-free material has a strong rubber smell initially. The door anchor works well but isn’t compatible with all door types. I’ve used these for physical therapy, and they’re durable—no snaps or fraying after months. The included workout guide is beginner-friendly. Minus one star because the handles could be more padded. Great value for the price, especially compared to gym memberships.",1,chatGPT,english
"This 4K Action Camera rivals GoPro at half the price! The underwater housing keeps it waterproof up to 100ft, and the image stabilization is impressive. Battery life is mediocre (90 mins), but spare batteries are affordable. The touchscreen lags in cold weather, and the mobile app is clunky. For vloggers, the external mic support is a plus. The bundle includes 15 accessories—best for beginners. Low-light performance could be better. Overall, a steal for adventure enthusiasts who don’t need pro-grade features.",1,chatGPT,english
"I adore the SolarGlow Garden Lights! They charge fully in 6 hours and last all night. The warm white LEDs create a magical ambiance, but the brightness isn’t adjustable. Installation was tool-free—just stake them into the ground. Durability is questionable during heavy storms (one light cracked). The price is fair for a set of 12, though the plastic feels slightly cheap. They’re perfect for lining pathways but not bright enough for security. Customer service replaced a defective unit promptly. A lovely addition to any backyard!",1,chatGPT,english
"The ChefMaster Air Fryer cooks crispy fries with 75% less oil, and the digital timer is precise. However, the basket is hard to clean—food gets stuck in the corners. It’s compact but noisy, like a mini jet engine! The recipe book included has creative ideas, though some require trial and error. I’ve successfully made chicken wings, roasted veggies, and even cookies. The non-stick coating is holding up well after 3 months. Wish the power cord were longer. A versatile appliance for small kitchens.",1,chatGPT,english
"Bought the TrekRite Hiking Backpack for a weeklong trip, and it exceeded expectations. The ergonomic straps distribute weight evenly, and the rain cover saved my gear during a downpour. The hydration bladder compartment is spacious, but the tube clip broke easily. Plenty of pockets, though the zippers sometimes snag. The color (forest green) is more vibrant in person. At 50L, it’s ideal for moderate loads but not ultralight backpacking. The waist belt could use more padding. Still, a reliable pack for the price—highly recommend!",1,chatGPT,english
"The PixelPure Water Filter pitcher is a must-have for tap water that tastes off. It reduces chlorine taste noticeably, and the filter lasts 2 months (40 gallons). The lid design is awkward—it doesn’t stay open when refilling. The plastic is BPA-free but feels flimsy. Pouring is slow due to the filtration process, so patience is key. Replacement filters are affordable in bulk. I tested with a TDS meter, and it reduced dissolved solids by 60%. Not perfect, but better than bottled water for the environment.",1,chatGPT,english
"As a cat owner, the PurrfectLitter Self-Cleaning Box is a mixed blessing. It reduces odor dramatically and scoops waste into a sealed compartment. But the sensors sometimes misread my cat’s weight, triggering mid-use! The app connectivity is spotty, and the litter trays are pricey to replace. Setup took 30 minutes, and the noise startles skittish pets. When it works, it’s fantastic—just be prepared for occasional troubleshooting. Not ideal for multi-cat households. A innovative but finicky product that earns 3.5 stars.",1,chatGPT,english
