text,label,model,source
"The SolarGlow Garden Lights have transformed my backyard into an enchanting evening retreat. The 20 warm white LEDs provide perfect ambient lighting along pathways, charging fully even on cloudy days. The stainless steel construction has endured heavy rain without rusting, though the stakes bend easily in rocky soil. Installation was effortless - just push them into the ground. After eight months, all 15 lights still function flawlessly, automatically illuminating at dusk. The glow is beautifully consistent across all units. My only minor complaint: the light sensors occasionally activate under dense tree shade during daytime. 4.7/5 stars for elegant, low-maintenance landscape lighting!",1,chatGPT,english
"As a professional baker, I'm thoroughly impressed with the PastryPro Stand Mixer's performance. The 800-watt motor handles stiff bread dough effortlessly without overheating, while the planetary mixing action ensures perfect consistency. The included attachments are high-quality, though the dough hook could be longer for very large batches. The tilt-head design makes adding ingredients convenient, but the lock mechanism requires firm pressure. What stands out: the timer with auto-shutoff prevents overmixing. After daily commercial use for four months, it shows no signs of wear. The only downside: at 28 lbs, it's heavy to move frequently. 4.9/5 stars - a true workhorse for serious bakers!",1,chatGPT,english
"The TrailTrek Hiking Poles were indispensable during my 14-mile Grand Canyon hike. The lightweight carbon fiber construction withstands 300 lbs of pressure while absorbing trail vibration. The cork handles wick away sweat and have molded perfectly to my grip over time. The quick-adjust levers work smoothly even with gloves, though the markings have worn off after heavy use. The tungsten carbide tips grip rock securely but wear down on pavement. What surprised me most: they assemble/disassemble in seconds for easy packing. The wrist straps are comfortable but could use more padding. 4.8/5 stars for essential hiking gear!",1,chatGPT,english
"The AirPure Pro HEPA air purifier has dramatically improved my allergy symptoms. The smart sensor accurately detects particulate levels and adjusts fan speed accordingly, effectively covering my 500 sq ft living room. The night mode is whisper-quiet (22dB), though the brightest display setting is too intense for bedrooms. Filter replacements are expensive but last 6-9 months with heavy use. What impresses me most: it captures pet dander that previous filters missed. The auto-off timer could offer more customization options. After three months, my sneezing fits have decreased by about 80%. 4.6/5 stars for allergy sufferers!",1,chatGPT,english
"The GarageGuru Wall Organizer has completely transformed my tool storage. The modular pegboard system with powder-coated steel hooks supports 50 lbs each without bending. Installation required concrete anchors (not included) for my cinderblock walls. The grid pattern allows infinite configurations, though the accessory packages are overpriced - I 3D-printed my own holders. After a year in a humid garage, there's zero rust or fading. What's missing: integrated labels or color-coding options for quick identification. 4.5/5 stars for serious DIYers needing customizable storage solutions!",1,chatGPT,english
"After testing several models, the QuickHeat Space Heater outperforms them all for my 300 sq ft office. The ceramic elements provide warmth within 15 minutes, and the oscillation ensures even heat distribution. The tip-over protection works reliably, though the automatic shutoff triggers too quickly when adjusting position. The digital thermostat maintains temperature within 1°F, and the remote control is convenient. At 1500W, it's powerful yet energy-efficient on eco mode. My only complaint: the power cord could be longer. 4.7/5 stars for effective spot heating!",1,chatGPT,english
"The PhotoVault Portable Scanner has been invaluable for digitizing my old family photo collection. The 600dpi resolution captures fine details, though some color correction is needed in post-processing. It's lightweight yet sturdy, with convenient USB-C charging. The automatic feed handles standard prints well but jammed twice with thicker photo paper. The companion app could offer more editing features. For the price, it's perfect for occasional use but not professional archival work. After scanning hundreds of photos, it's held up beautifully. 4/5 stars for preserving precious memories!",1,chatGPT,english
"The AquaTrek Waterproof Dry Bag kept all my gear completely dry during a whitewater rafting adventure. The 20L capacity fits a DSLR with extra lenses plus clothing, and the roll-top closure is completely foolproof. The backpack straps distribute weight comfortably for hiking to remote waterfalls. After complete submersion in rapids, everything inside stayed dry - even my phone in the exterior mesh pocket. The bright orange color makes retrieval easy if dropped. The only minor downside: the material shows scuff marks easily. 4.8/5 stars for adventurous photographers!",1,chatGPT,english
"The Chef'sChoice Knife Sharpener has restored all my dull kitchen knives to razor sharpness. The three-stage system works flawlessly, though the coarse stage requires extra passes for German steel. The precision angle guides maintain the original edge geometry better than manual stones. The non-slip base is sturdy, but the sharpening slots collect metal particles needing frequent cleaning. After six months of weekly use, the diamond abrasives show no wear. My only complaint: it's quite noisy during operation. 4.8/5 stars - absolutely worth the investment for knife enthusiasts!",1,chatGPT,english
"The LumenAura Ring Light has transformed my home video setup with professional-quality lighting. The 10-inch diameter provides flawless, even illumination, and the adjustable color temperature (2800K-6500K) matches any environment. The touch controls are intuitive, though the brightness memory resets when unplugged. The phone holder accommodates most devices but struggles with thick cases. At maximum brightness, it generates noticeable heat during prolonged use. The included diffuser creates perfect soft lighting for portraits. 4.5/5 stars for content creators on a budget!",1,chatGPT,english
