text,label,model,source
"The SoundBoom Wireless Earbuds deliver impressive bass for their size, and the battery lasts a solid 6 hours. The touch controls are responsive but occasionally too sensitive—I’ve skipped tracks by accident. Call clarity is decent, though background noise creeps in. The charging case is compact but has a flimsy hinge. For workouts, the IPX5 rating holds up against sweat. They’re a steal at this price, though audiophiles might want higher-end options. The included ear tips didn’t fit my ears well, so I swapped them. Solid 4/5 stars!",1,chatGPT,english
"I’m obsessed with the AeroGrow Indoor Herb Garden! It’s foolproof for beginners—my basil and mint thrived in weeks. The LED grow lights are energy-efficient, but the timer lacks customization. The water pump is quiet, though the tank needs refilling every 3 days. The pods are pricey to replace, but germination rates are high. My only gripe: the base is prone to water stains. Perfect for small kitchens or urban dwellers without outdoor space. Fresh herbs year-round are worth the investment. 4.5/5 stars.",1,chatGPT,english
"The StormShield Windproof Umbrella lives up to its name—it survived a downpour without flipping inside out! The ergonomic handle is comfortable, but the automatic open/close button jammed after a month. The canopy is large enough for two people, though it’s heavy to carry daily. The reflective stripes for nighttime visibility are a smart touch. I deducted a star because the carrying sleeve tore easily. At this price, I expected slightly better durability. Still, the best umbrella I’ve owned for harsh weather.",1,chatGPT,english
"After burning through cheap models, I upgraded to the ForgeChef Nonstick Skillet, and it’s a game-changer. Eggs slide off effortlessly, and the ceramic coating hasn’t scratched after 4 months. The handle stays cool on the stove but isn’t oven-safe (a surprise). It heats evenly, though the base warped slightly on high heat. Dishwasher-safe, though handwashing is recommended. The 10-inch size is ideal for solo cooks. Worth the splurge if you prioritize nonstick performance—just avoid metal utensils. 4.7/5 stars!",1,chatGPT,english
"The AquaGlow Facial Steamer is a spa-like treat for clogged pores. The steam intensity is adjustable, though the highest setting feels too hot. The water tank lasts 10 minutes—enough for a full routine. The included blackhead tools are flimsy, but the steamer itself is well-built. My skin felt noticeably softer after one use, but the cord is frustratingly short. Great for pre-mask treatments or relaxation, but don’t expect miracles. For the price, it’s a solid addition to skincare regimens. 4/5 stars.",1,chatGPT,english
"Bought the TrailMaster Camping Hammock for backpacking, and it’s ultralight yet sturdy. The parachute nylon holds 400 lbs, and the carabiners are high-quality. Setup takes 5 minutes with the included straps, though the instructions are vague. It packs smaller than a water bottle! The only downside: no mosquito net (sold separately). Perfect for fair-weather camping, but I’d pair it with a rain fly in wet climates. The orange color is vibrant and easy to spot. A must-have for minimalist adventurers. 5/5 stars!",1,chatGPT,english
"The QuickFix Cordless Hot Glue Gun is a crafter’s dream. It heats up in 90 seconds, and the battery lasts for 30 sticks. The ergonomic trigger reduces hand fatigue, but the glue nozzle clogs if left unused. The LED charge indicator is handy, though the stand is wobbly. I’ve used it for DIY repairs, scrapbooking, and even Halloween costumes. Not industrial-strength, but perfect for home projects. The included glue sticks are low-quality—buy premium ones separately. 4.3/5 stars for versatility and portability.",1,chatGPT,english
"The NutriBlast Smoothie Maker’s 1200W motor crushes frozen fruit effortlessly, but the noise is louder than a blender. The travel lids leak if not screwed on tightly, and the blades dulled after 6 months. The recipe book has creative ideas, though some ingredients are niche. Cleaning is easy with the self-clean function, but the base isn’t submersible. Great for protein shakes or baby food, but not for quiet mornings. I’d recommend it for heavy use, but with tempered expectations. 3.8/5 stars.",1,chatGPT,english
"The ClarityPro Screen Protector for smartphones is crystal-clear and fingerprint-resistant. Installation was bubble-free with the alignment tray, but the edges lift slightly with my case. The anti-glare coating works well outdoors, though it dulls screen vibrancy. It’s survived two drops without cracking! The pack includes two protectors, which is a plus. Not the cheapest, but worth it for the self-healing minor scratches. Deducted half a star for the tricky dust-removal process. 4.5/5 stars for protection without sacrificing touch sensitivity.",1,chatGPT,english
"The CozyNights Weighted Sleep Mask blocks 99% of light and feels luxurious. The lavender scent is subtle but calming, and the adjustable strap fits all head sizes. The inner beads add gentle pressure, though they shift if tossed/turned. It’s machine-washable (delicate cycle), but the stitching frayed slightly after 5 washes. Perfect for flights or shift workers, but not for side sleepers—it presses uncomfortably. The included earplugs are mediocre. A niche product that delivers if you prioritize darkness. 4/5 stars.",1,chatGPT,english
