text,label,model,source
"The PowerStride Electric Scooter is fantastic for short commutes - its 15-mile range gets me to work and back on a single charge. The folding mechanism is clever but stiffens over time. The LED display shows battery life accurately, though the headlight could be brighter for night riding. At 25 lbs, it's portable but still sturdy on bumpy sidewalks. The regenerative braking works well, though the learning curve was steep. My only complaint is the lack of a phone mount. For urban dwellers, this is a game-changer at a reasonable price point. 4.3/5 stars!",1,chatGPT,english
"After trying five different brands, the CloudRest Memory Foam Pillow is hands-down the best for side sleepers. The contoured shape supports my neck perfectly, and the cooling gel layer actually works. It took three nights to adjust to the firmness, but now I wake up without stiffness. The removable cover is machine-washable but shrunk slightly after the first wash. At this price, I expected better quality control - mine arrived with a faint chemical smell that faded after airing out. Still, it's transformed my sleep quality. 4.7/5 stars!",1,chatGPT,english
"The GrillMaster Pro 2000 is worth every penny for serious barbecue enthusiasts. The infrared technology creates perfect sear marks, and the temperature control is precise. Assembly took me 90 minutes (the instructions could be clearer), but the stainless steel construction feels premium. The side burner is powerful enough for sauces, though the ignition button is finicky in humid weather. Cleaning the grease management system is messy but effective. After six months of weekly use, it looks and performs like new. Only downside: the wheels aren't suited for rough terrain. 5/5 for performance!",1,chatGPT,english
"I was skeptical about the MagicPeel Wallpaper Remover, but it actually works! The steam function loosens adhesive in minutes, and the scraper blade stays sharp through multiple rooms. The 10-foot power cord is limiting - I needed an extension for larger walls. The water tank heats up quickly but needs frequent refills for stubborn wallpaper. The included plastic drop cloth tore easily, so I'd recommend using your own. For a DIY tool, it's surprisingly effective and saved me hundreds in professional removal costs. Just wear gloves - the handle gets hot! 4.5/5 stars.",1,chatGPT,english
"The PhotoVault Portable Scanner is a game-changer for digitizing old family photos. The 600dpi resolution captures fine details, though color correction requires software tweaking. It's lightweight but feels durable, and the USB-C charging is convenient. The automatic feed jammed twice with thicker photo paper, but regular prints glide through smoothly. The companion app could use more editing features. At this price, it's perfect for occasional use but not for archival-quality scans. The carrying case is a nice bonus. 4/5 stars - great for casual users, not professionals.",1,chatGPT,english
"Our cat adores the PurrPalace Cat Tree - the sisal scratching posts have saved our furniture! The assembly was tedious (45 minutes with confusing diagrams), but the structure is rock-solid. The plush perches are large enough for our 15-lb Maine Coon, though the hammock sags under his weight. The faux fur attracts hair like a magnet, but it vacuums clean easily. The base could be wider for better stability during enthusiastic climbing sessions. Worth the splurge for multi-cat households - our two felines haven't stopped playing on it since installation. 4.8/5 stars!",1,chatGPT,english
"The TitanFlex Yoga Mat is the thickest (1/2 inch) I've found that still provides stability. The non-slip texture works even during intense hot yoga sessions, though it shows sweat marks prominently. The carrying strap is convenient but stretches over time. After 4 months of daily use, there's minimal wear - just slight discoloration at my regular foot positions. The eco-friendly materials smell faintly of rubber initially. At 5.5 lbs, it's not the lightest for travel, but the joint protection is worth the extra weight. 5/5 for serious yogis needing cushioning!",1,chatGPT,english
"Bought the StormGuard Emergency Radio after a power outage left us in the dark. The hand crank works well (10 minutes of cranking = 30 minutes of radio), and the solar panel charges effectively in direct sunlight. The built-in flashlight is surprisingly bright, though the SOS mode drains batteries quickly. Weather alerts come through clearly, but the AM/FM reception is spotty in rural areas. The USB phone charging is slow but functional in emergencies. The construction feels military-grade - it's survived two accidental drops onto concrete. Essential for disaster preparedness kits! 4.6/5 stars.",1,chatGPT,english
"The DeskGenius Monitor Stand has transformed my cluttered workspace. The dual-tier design fits my 27-inch monitor perfectly while creating valuable storage underneath. Assembly required no tools - just snap the bamboo pieces together. The cable management cutouts are thoughtful, though they could be slightly larger for bulky connectors. The finish matches my Ikea furniture beautifully, but the surface scratches easily. At this price point, I expected more durability, but it's held up well for 3 months of daily use. The height isn't adjustable, so measure your ideal ergonomic position before buying. 4.2/5 stars!",1,chatGPT,english
"As a coffee snob, I'm impressed with the AromaBrew French Press. The double-filter system eliminates grit better than any press I've tried, and the insulated stainless steel keeps coffee hot for 2+ hours. The plunger moves smoothly without sticking, though the lid fits too snugly when hot. The 34-ounce capacity is perfect for sharing, but the lack of volume markings is frustrating. After daily use for 6 months, the glass remains intact (survived multiple dishwasher cycles). The included stainless steel spoon is a nice touch. 4.9/5 - nearly perfect for press coffee purists!",1,chatGPT,english
