text,label,model,source
"The SkyView Pro Telescope is an absolute marvel for amateur astronomers. The 70mm aperture provides crisp views of Jupiter's moons and Saturn's rings, though light pollution still affects visibility. The aluminum tripod is sturdy but weighs 12 lbs - not ideal for hiking. The smartphone adapter works surprisingly well for basic astrophotography, though long exposures require additional stabilization. Assembly took me 25 minutes, and the instructions could be clearer about collimation. The included star map app is outdated - I'd recommend SkySafari instead. For the price, this outperforms competitors with better lens coatings and smoother focus adjustment. 4.6/5 stars!",1,chatGPT,english
"After burning through three cheap models, the ProPress Iron is a revelation. The ceramic sole glides effortlessly, and the steam burst removes stubborn wrinkles from denim. The auto-shutoff works perfectly (tested it accidentally multiple times). The water tank is awkward to refill without dripping, and the cord is frustratingly short. What sets it apart: the precision tip gets into button plackets, and the vertical steam function refreshes hanging clothes. After six months of daily use, it still performs like new. The weight (3.2 lbs) might fatigue some users during long sessions. 4.8/5 stars - worth upgrading!",1,chatGPT,english
"The AquaTrek Waterproof Backpack saved my gear during a sudden monsoon hike. The roll-top closure and welded seams kept everything dry despite full submersion. The 25L capacity fits a DSLR plus supplies, though the lack of internal organization is frustrating. The chest strap digs slightly during long treks, and the material shows scuff marks easily. What impresses: it floats when empty, and the bright color makes retrieval easy if dropped in water. The hidden anti-theft pocket fits passports snugly. Not the most breathable for hot climates, but unbeatable for water protection. 4.4/5 stars!",1,chatGPT,english
"Bought the NutriSteam Vegetable Cooker to preserve nutrients, and it delivers. The triple-layer design cooks rice and veggies simultaneously in 12 minutes. The BPA-free plastic feels premium, though the locking mechanism requires firm pressure. Steam control is precise - broccoli comes out crisp-tender, not mushy. The drip tray collects condensation effectively, but the non-stick coating started flaking after 50 uses. Cleaning is mostly dishwasher-safe, except for the electronic base. The portion sizes run small - my family of four needs two batches. Perfect for health-conscious cooks who value speed. 4.2/5 stars.",1,chatGPT,english
"The LumenAura Ring Light transformed my Zoom meetings and content creation. The 10-inch diameter provides flawless even lighting, and the color temperature adjustment (2800K-6500K) matches any environment. The phone holder is sturdy but doesn't fit larger cases. The touch controls are intuitive, though the brightness memory resets after unplugging. At maximum brightness, it generates noticeable heat during prolonged use. The included diffuser softens shadows beautifully for portrait shots. For the price, I expected USB-C instead of micro-USB charging. Still, it's eliminated my need for expensive softbox setups. 4.5/5 stars!",1,chatGPT,english
"Our German Shepherd destroyed the IndestructiBall in 48 minutes - a new record! The rubber compound is tougher than standard toys, showing only superficial teeth marks. The erratic bounce keeps dogs engaged, though it's too heavy for small breeds. The hollow center fits treats but requires pliers to open. After three months of daily abuse, it's still intact while costing less than replacement furniture. The mint scent faded after two weeks. Warning: the 6-inch size is larger than expected - measure your dog's mouth first. 4.3/5 stars for durability with aggressive chewers.",1,chatGPT,english
"The ClarityMax Screen Cleaner kit works miracles on my 85-inch TV. The microfiber cloth traps dust without scratching, and the alcohol-free solution leaves zero streaks. The brush attachment reaches between keyboard keys effectively. The 4oz bottle lasts 6+ months with weekly use, though the spray nozzle occasionally clogs. It removed toddler fingerprints that other cleaners couldn't touch. The carrying case is flimsy - mine tore after two months in my work bag. At this price, it outperforms disposable wipes long-term. 5/5 stars for electronics enthusiasts!",1,chatGPT,english
"After testing seven brands, the SleepEase Blackout Curtains are the only ones that truly eliminate light. The triple-weave fabric blocks 99% of sunlight and reduces street noise noticeably. The thermal lining keeps my bedroom 5°F cooler in summer. Installation was simple with the provided clips, though the grommet spacing doesn't fit all rods. After six washes (cold water), the color hasn't faded, but they take forever to dry. The 84-inch length pools slightly on my standard-height ceilings. Worth every penny for shift workers or light sleepers. 4.9/5 stars!",1,chatGPT,english
"The GaragePro Wall Organizer solved our tool chaos with heavy-duty hooks and shelves. The powder-coated steel holds 50 lbs per hook without bending. Assembly required concrete anchors (not included) for our cinderblock walls. The grid system is customizable, though smaller tools fall through the gaps. The UV-resistant coating shows no fading after a year in direct sunlight. What's missing: labels or color-coding options for quick identification. At this price, it's cheaper than buying multiple pegboards and more durable. 4.7/5 stars for serious DIYers!",1,chatGPT,english
"As a barista, I'm impressed with the MokaBrew Home Espresso Maker. It produces authentic crema without electricity, though achieving perfect extraction requires practice. The stainless steel construction heats evenly, and the safety valve prevents overpressure. The handle stays cool during brewing but the small water chamber means frequent refills for multiple cups. Cleaning is straightforward except for the filter basket's tiny holes. For $60, it rivals $200 machines when mastered. Pro tip: grind slightly coarser than espresso and preheat the base for best results. 4.8/5 stars for coffee purists on a budget!",1,chatGPT,english
