text,label,model,source
"The UltraGrip Yoga Mat Towel is a game-changer for hot yoga sessions. The microfiber material absorbs sweat instantly while maintaining perfect grip - no more slipping in downward dog! The silicone corner anchors keep it securely in place, though they leave slight marks on my mat. After 20 washes, the absorption is still excellent but the edges are starting to fray slightly. The 72"" length fits most mats, but tall users might want more coverage. It dries faster than cotton towels and doesn't retain odors. Minor complaint: the light gray color shows sweat stains prominently. 4.6/5 stars for serious yogis!",1,chatGPT,english
"After six months of daily use, the Chef'sChoice Knife Sharpener remains my most valued kitchen tool. The three-stage system takes my dull knives to razor-sharp in under a minute. The precision angle guides work perfectly, though the coarse stage requires more passes for German steel. The non-slip base is sturdy, but the sharpening slots collect metal particles that need frequent cleaning. What impresses me most: it maintains the original edge geometry better than manual stones. The diamond abrasives show no wear yet. Only downside: it's noisy like a coffee grinder! 4.8/5 stars - worth every penny.",1,chatGPT,english
"The TrailMaster 3-Season Sleeping Bag kept me toasty at 35°F, exceeding its rating. The water-resistant shell shrugged off morning dew, and the trapezoidal foot box allows natural toe positioning. The zipper occasionally snags the inner lining, and the stuff sack is too small for easy packing. At 2.8 lbs, it's light enough for backpacking while providing ample room for side sleepers. The ethical down insulation is responsibly sourced and clusters well after compression. After 15 nights' use, the baffles remain intact with no cold spots. The left-hand zipper takes getting used to. 4.7/5 stars for backpackers!",1,chatGPT,english
"Bought the PixelPerfect Monitor Calibrator for my photography business, and it's transformed my workflow. The automated calibration is accurate, though the advanced manual mode offers finer control for print matching. The ambient light sensor adjusts brightness automatically - a lifesaver for late-night editing sessions. The USB-C connection is fast, but the software occasionally disconnects during calibration. After profiling three monitors, I noticed consistent color reproduction across devices. The carrying case feels premium but lacks interior padding. At this price, it's cheaper than a single professional calibration service. 5/5 stars for visual professionals!",1,chatGPT,english
"The AquaGuard Shower Filter eliminated my hard water issues within a week. My skin feels noticeably softer, and the chlorine smell is completely gone. The installation took 5 minutes without tools, though the pressure reducer decreases flow slightly. The filter lasts 6 months (shows remaining life via color indicator), but replacement cartridges are pricey. The chrome finish matches my fixtures perfectly. What surprised me: it also filters sediment that was clogging my showerhead. Only complaint: the housing gets slippery when soapy. 4.9/5 stars - should be standard in every home!",1,chatGPT,english
"After destroying several models, the TitanChew Dog Toy has survived my Pit Bull for 3 months and counting. The vulcanized rubber shows only superficial teeth marks, and the hollow center holds treats securely. The knobby texture cleans teeth effectively - my vet noticed improved gum health! The 8-inch size is perfect for large breeds, though the weight makes throwing awkward. The bacon scent faded after two weeks, but my dog still loves it. Only flaw: it floats too high in water for pool fetch. 4.5/5 stars for power chewers!",1,chatGPT,english
"The BrewMaster French Press replaced my broken Bodum and outperforms it in every way. The dual-screen filter eliminates all sediment, and the insulated stainless steel keeps coffee hot for 90 minutes. The plunger mechanism is smoother than any I've tried, though the lid fits too tightly when hot. At 34 oz, it's perfect for two large mugs. The borosilicate glass is sturdy (survived a 3-foot drop), but the silicone wrap makes it slippery when wet. After daily use for 4 months, it looks and functions like new. 5/5 stars for coffee enthusiasts!",1,chatGPT,english
"The SkyView Drone's 4K camera captures stunning aerial footage with impressive stabilization. The 25-minute battery life is accurate if you avoid aggressive maneuvers. The follow-me mode works flawlessly for action shots, though obstacle avoidance sometimes overreacts to shadows. The foldable design fits in a backpack, but the arms feel slightly flimsy when extended. The app is intuitive but drains phone batteries quickly. What surprised me: the waterproof landing gear handles beach landings perfectly. For the price, it outperforms DJI's entry-level models in wind resistance. 4.4/5 stars for hobbyist videographers!",1,chatGPT,english
"The ErgoFlex Standing Desk Converter has eliminated my back pain during long workdays. The pneumatic height adjustment is smooth and quiet, supporting my dual monitors securely. The keyboard tray is spacious but lacks wrist support. Assembly took 15 minutes with clear instructions. The cable management clips are clever but too small for thick power bricks. After 6 months of daily use, the mechanism remains tight with no sagging. The matte finish resists fingerprints beautifully. Only complaint: the 32"" width feels cramped with large monitors. 4.7/5 stars for home office warriors!",1,chatGPT,english
"The GrillCharcoal Chimney Starter makes lighting charcoal foolproof - no more lighter fluid taste! It prepares coals in 15 minutes using just two newspaper sheets. The heat-resistant handle stays cool, and the large capacity fits enough briquettes for my 22"" grill. The galvanized steel shows no rust after a season outdoors. The only improvement needed: a more stable base to prevent occasional tip-overs when moving. It's paid for itself in saved lighter fluid costs already. 5/5 stars for barbecue purists who value flavor!",1,chatGPT,english
