text,label,model,source
"The SolarGlow Pathway Lights have transformed my garden into a magical evening space. The 20-lumen output provides perfect ambient lighting along walkways, and the solar panels charge fully even on cloudy days. The stainless steel construction has endured heavy rain without rusting, though the stakes bend easily in rocky soil. Installation took minutes - just push them into the ground. After six months, all 12 lights still function perfectly, automatically turning on at dusk. The warm white glow is consistent across all units. Minor complaint: the light sensors occasionally activate under tree shadows during daytime. 4.7/5 stars for beautiful, low-maintenance landscaping!",1,chatGPT,english
"As a professional baker, I'm impressed with the PastryPro Stand Mixer's performance. The 800-watt motor handles stiff dough effortlessly without overheating, and the planetary action ensures even mixing. The included attachments are high-quality, though the dough hook could be longer for very large batches. The tilt-head design makes adding ingredients convenient, but the lock mechanism requires firm pressure. What stands out: the timer with auto-shutoff prevents overmixing. After daily commercial use for three months, it shows no signs of wear. The only downside: it's heavy (28 lbs) to move frequently. 4.9/5 stars - a workhorse for serious bakers!",1,chatGPT,english
"The TrailTrek Hiking Poles saved my knees during a 15-mile Grand Canyon descent. The carbon fiber construction is lightweight yet withstands 300 lbs of pressure. The cork handles wick away sweat and mold perfectly to my grip over time. The quick-adjust levers work smoothly even with gloves, though the markings wear off after heavy use. The tungsten carbide tips grip rock securely but wear down on pavement. What surprised me: they assemble/disassemble in seconds for easy packing. The wrist straps are comfortable but could use more padding. 4.8/5 stars for essential hiking gear!",1,chatGPT,english
"Bought the AirPure Pro HEPA filter for allergy season, and it's made a dramatic difference. The smart sensor accurately detects particulate levels and adjusts fan speed accordingly. It covers 500 sq ft effectively, reducing my sneezing fits within days. The night mode is whisper-quiet (22dB), though the brightest display setting is too intense for bedrooms. Filter replacements are pricey but last 6-9 months with heavy use. What impresses me: it captures pet dander that previous filters missed. The auto-off timer could be more customizable. 4.6/5 stars for allergy sufferers!",1,chatGPT,english
"The GarageGuru Wall Organizer solved my tool storage chaos with its modular pegboard system. The powder-coated steel hooks support 50 lbs each without bending, and the grid pattern allows infinite configurations. Installation required concrete anchors (not included) for my cinderblock walls. The accessory packages are overpriced - I 3D-printed my own holders. After a year in a humid garage, there's zero rust or fading. What's missing: labels or color-coding options for quick identification. 4.5/5 stars for serious DIYers needing customizable storage!",1,chatGPT,english
"After testing seven models, the QuickHeat Space Heater outperforms them all. The ceramic elements warm my 300 sq ft office in 15 minutes, and the oscillation ensures even heat distribution. The tip-over protection works reliably, though the automatic shutoff triggers too quickly when adjusting position. The digital thermostat maintains temperature within 1°F, and the remote control is convenient. At 1500W, it's powerful but energy-efficient on eco mode. Only complaint: the power cord could be longer. 4.7/5 stars for effective spot heating!",1,chatGPT,english
"The PhotoVault Portable Scanner is a game-changer for archiving old family photos. The 600dpi resolution captures fine details, though color correction requires software tweaking. It's lightweight yet feels durable, with USB-C charging for convenience. The automatic feed jammed twice with thick photo paper but handles standard prints flawlessly. The companion app could offer more editing features. At this price, it's perfect for occasional use but not archival-quality scanning. The carrying case is a nice bonus. 4/5 stars for casual users digitizing memories!",1,chatGPT,english
"The AquaTrek Waterproof Dry Bag kept my gear completely dry during whitewater rafting. The 20L capacity fits a DSLR with extra lenses plus clothing, and the roll-top closure is foolproof. The backpack straps distribute weight comfortably for hiking to remote waterfalls. After complete submersion, everything inside stayed dry - even my phone in the exterior mesh pocket. The bright orange color makes retrieval easy if dropped. Only downside: the material shows scuff marks easily. 4.8/5 stars for adventurous photographers!",1,chatGPT,english
"The Chef'sChoice Knife Sharpener restored my dull kitchen knives to razor-sharp perfection. The three-stage system works flawlessly, though the coarse stage requires extra passes for German steel. The precision angle guides maintain the original edge geometry better than manual stones. The non-slip base is sturdy, but the sharpening slots collect metal particles needing frequent cleaning. After six months of weekly use, the diamond abrasives show no wear. Only complaint: it's noisy during use. 4.8/5 stars - worth every penny for knife enthusiasts!",1,chatGPT,english
"The LumenAura Ring Light transformed my home studio with professional-quality lighting. The 10-inch diameter provides flawless even illumination, and the adjustable color temperature (2800K-6500K) matches any environment. The touch controls are intuitive, though the brightness memory resets when unplugged. The phone holder accommodates most devices but struggles with thick cases. At maximum brightness, it generates noticeable heat during prolonged use. The included diffuser creates perfect soft lighting for portraits. 4.5/5 stars for content creators on a budget!",1,chatGPT,english
