text,label,model,source
"The GrillMaster Pro 5000 has revolutionized our weekend barbecues. The infrared searing burner creates perfect grill marks on steaks, while the smoker box infuses authentic wood flavor. Assembly took 90 minutes (the instruction diagrams could be clearer), but the stainless steel construction feels premium. The side burner boils corn in minutes, though the control knobs get extremely hot. After six months of weekly use, the ceramic-coated grates show minimal wear. Only complaint: the wheels aren't suited for rough terrain. 4.8/5 stars for serious grill enthusiasts!",1,chatGPT,english
"As a professional photographer, I'm impressed with the LensTravel Tripod's stability. The carbon fiber legs absorb vibration perfectly for long exposures, and the ball head locks securely at any angle. At 3.2 lbs, it's light enough for hiking yet supports my heavy telephoto lens. The quick-release plates are compatible with my Arca-Swiss system. The only flaws: the leg locks occasionally stick in humid weather, and the carrying case lacks padding. After 8 months of rugged use, it performs like new. 4.7/5 stars for outdoor shooters!",1,chatGPT,english
"The SleepEase Memory Foam Mattress Topper transformed our old, sagging bed. The 3-inch gel-infused layer provides perfect spinal support while staying cool all night. It arrived vacuum-sealed and expanded fully within 12 hours. The non-slip bottom stays securely in place, though the quilted cover could be more breathable. After 4 months, there's no visible indentation from our combined 350 lbs. The only downside: it's heavy (18 lbs) to move for sheet changes. 4.9/5 stars for affordable luxury sleep!",1,chatGPT,english
"Bought the AquaGuard Under-Sink Water Filter after our city's boil notice. The installation took 15 minutes with basic tools, and the replacement cartridges snap in easily. It removes chlorine taste completely and reduced our lead levels to undetectable (verified by testing). The filter lasts 6 months with our hard water, though flow rate decreases slightly over time. The chrome finish matches our faucet beautifully. Only complaint: the included wrench is flimsy. 5/5 stars for clean, great-tasting water!",1,chatGPT,english
"The OfficePro Standing Desk Converter has eliminated my afternoon back pain. The pneumatic lift adjusts smoothly between sitting and standing heights, supporting my dual monitors securely. Assembly took 20 minutes with clear instructions. The keyboard tray is spacious but lacks wrist support. After 5 months of daily use, the mechanism remains tight with no wobble. The matte black finish resists fingerprints well. Only downside: the 32-inch width feels cramped with large monitors. 4.6/5 stars for home office warriors!",1,chatGPT,english
"After testing multiple models, the FurGuard Pet Hair Remover is the only one that works on our sofa. The rubber bristles lift embedded hair effortlessly without damaging fabric. The ergonomic handle is comfortable for large surfaces, though the head could be wider. It works better than lint rollers on car seats too. After 6 months of weekly use, the bristles show no wear. The only flaw: it doesn't collect hair - you have to vacuum afterward. 4.8/5 stars for pet owners!",1,chatGPT,english
"The SkyView Drone's 4K camera captures stunning aerial footage with excellent stabilization. The 25-minute battery life is accurate in calm conditions, though wind reduces it significantly. The follow-me mode works flawlessly for action shots, while obstacle avoidance sometimes overreacts to shadows. The foldable design fits in my backpack, but the arms feel slightly flimsy. The app is intuitive but drains phone batteries quickly. 4.5/5 stars for hobbyist videographers!",1,chatGPT,english
"The BrewMaster French Press makes cafe-quality coffee at home. The dual-screen filter eliminates sediment completely, and the insulated stainless steel keeps coffee hot for hours. The plunger mechanism is smoother than any I've tried, though the lid fits too tightly when hot. At 34 oz, it's perfect for sharing. After daily use for 3 months, it looks and functions like new. 5/5 stars for coffee purists!",1,chatGPT,english
"The TitanFlex Yoga Mat is the thickest (1/2 inch) I've found that still provides stability. The non-slip texture works even during intense hot yoga sessions. The carrying strap is convenient but stretches over time. After 4 months of daily use, there's minimal wear - just slight discoloration. 5/5 stars for joint protection!",1,chatGPT,english
"The StormGuard Emergency Radio has become essential for our hurricane preparedness kit. The hand crank provides reliable power (10 minutes cranking = 30 minutes radio), and the solar panel charges effectively. Weather alerts come through clearly, though AM/FM reception is spotty in rural areas. The built-in flashlight is surprisingly bright. 4.7/5 stars for emergency readiness!",1,chatGPT,english
