text,label,model,source
"The GourmetMax Air Fryer has transformed our weeknight cooking. Its 6-quart capacity fits a whole chicken, and the digital controls make temperature adjustments precise. The rapid air circulation creates perfectly crispy fries with just a tablespoon of oil. The non-stick basket cleans easily, though the corners trap small food particles. After 3 months of daily use, the coating shows no wear. The preheat function saves time, but the beep is startlingly loud. Only downside: the recipe book lacks vegetarian options. 4.7/5 stars for healthier fried food!",1,chatGPT,english
"As an audiophile, I'm impressed with the SonicBlast Wireless Headphones. The 40mm drivers deliver rich bass without muddying mids and highs. Battery life exceeds the advertised 30 hours, and the USB-C charging is convenient. The memory foam ear cushions create a perfect seal, though they make my ears warm after 2 hours. The touch controls are responsive but prone to accidental activation. What surprised me: the built-in mic handles wind noise better than my gaming headset. The carrying case feels premium but lacks internal organization. 4.6/5 stars for balanced sound quality!",1,chatGPT,english
"The TrailMaster Camping Hammock has become my essential backpacking gear. The parachute nylon supports 400 lbs comfortably, and the included tree straps protect bark. At 1.8 lbs, it packs smaller than a water bottle. The bug net zips securely, though the entry is awkward with gear inside. After 15 nights' use in various weather, the fabric shows no wear or stretching. The rain fly attachment points are clever but require practice to set up quickly. Only complaint: the stuff sack is too small for easy repacking. 4.8/5 stars for ultralight adventurers!",1,chatGPT,english
"Bought the AquaPure Shower Filter to combat hard water, and the difference is remarkable. My skin feels noticeably softer, and the chlorine smell vanished within days. Installation took 5 minutes without tools, though the pressure reducer decreases flow slightly. The filter lasts 6 months (verified by color indicator), but replacements are pricey. The chrome finish matches my fixtures perfectly. Unexpected benefit: it also filters sediment that was clogging my showerhead. Only flaw: the housing gets slippery when soapy. 4.9/5 stars - should be standard in every home!",1,chatGPT,english
"The DeskGenius Monitor Stand has organized my cluttered workspace beautifully. The dual-tier design fits my 32-inch monitor securely while creating valuable storage underneath. Assembly required no tools - just snap the bamboo pieces together. The cable management cutouts are thoughtful, though too small for bulky connectors. After 4 months of daily use, the surface shows minor scratches from my keyboard. The height isn't adjustable, so measure your ergonomic needs first. 4.3/5 stars for functional workspace upgrades!",1,chatGPT,english
"After testing numerous brands, the FurGuard Pet Hair Remover is the only one that works on our upholstery. The rubber bristles lift embedded hair effortlessly without damaging fabric. The ergonomic handle is comfortable for large surfaces, though the head could be wider. It outperforms lint rollers on car seats too. After 5 months of weekly use, the bristles show no wear. The only drawback: it doesn't collect hair - you must vacuum afterward. 4.8/5 stars for frustrated pet owners!",1,chatGPT,english
"The PhotoVault Portable Scanner is perfect for digitizing old family albums. The 600dpi resolution captures fine details, though some color correction is needed in post-processing. It's lightweight yet sturdy, with convenient USB-C charging. The automatic feed handles standard prints well but jammed twice with thick photo paper. The companion app could offer more editing features. For the price, it's ideal for occasional use but not professional archival work. 4/5 stars for preserving memories!",1,chatGPT,english
"The GrillCharcoal Chimney Starter makes lighting charcoal effortless - no more lighter fluid taste! It prepares coals in 15 minutes using just newspaper. The heat-resistant handle stays cool, and the large capacity fits enough briquettes for my 22"" grill. The galvanized steel shows no rust after a season outdoors. The only improvement needed: a more stable base to prevent tip-overs when moving. It's already paid for itself in saved lighter fluid costs. 5/5 stars for barbecue purists!",1,chatGPT,english
"The ClarityMax Screen Cleaner keeps my electronics spotless without streaks. The microfiber cloth traps dust effectively, and the alcohol-free solution leaves no residue. The brush attachment cleans keyboard crevices perfectly. The 4oz bottle lasts months with weekly use, though the spray nozzle occasionally clogs. It removed toddler fingerprints that other cleaners couldn't touch. The carrying case is flimsy but functional. 4.9/5 stars for pristine screens!",1,chatGPT,english
"The SleepEase Blackout Curtains have transformed my light-sensitive bedroom. The triple-weave fabric blocks 99% of sunlight and reduces street noise noticeably. The thermal lining keeps my room 5°F cooler in summer. Installation was simple with the provided clips, though the grommet spacing doesn't fit all rods. After six washes, the color remains vibrant but they take forever to dry. 4.9/5 stars for shift workers!",1,chatGPT,english
