text,label,model,source
这款无线充电器真是太方便了！支持15W快充，给我的手机充电速度比普通充电器快多了。设计简约时尚，放在办公桌上既实用又美观。充电区域有防滑设计，手机放上去很稳固。\n\n最让我满意的是它的兼容性，不仅支持我的iPhone，还能给安卓设备和无线耳机充电。充电时几乎没有发热现象，安全性能很好。LED指示灯很实用，能清楚显示充电状态。\n\n已经使用两个月，每天上班时把手机放上去充电，下班时电量就满了。虽然价格比有线充电器贵一些，但摆脱线材束缚的感觉实在太棒了。强烈推荐给追求桌面整洁的上班族！,1,chatGPT,chinese
这款电动牙刷彻底改变了我的刷牙体验！震动频率高达38000次/分钟，清洁效果远超普通牙刷。五种模式可选，从敏感牙齿到深度清洁都能满足。智能计时功能确保每个区域刷牙时间均匀。\n\n我最喜欢它的压力感应功能，用力过猛时会自动降低震动强度，保护牙龈健康。续航能力出色，充一次电可以使用近一个月。充电底座设计简洁，放在洗漱台上不占空间。\n\n使用三个月后，牙医都称赞我的牙齿更干净了，牙龈出血问题也明显改善。虽然刷头更换成本较高，但对口腔健康的投资绝对值得。强烈推荐给所有注重口腔卫生的人士！,1,chatGPT,chinese
这款智能手表是我今年最满意的购物！1.4英寸AMOLED屏幕显示效果惊艳，阳光下也能清晰可见。功能全面，可以监测心率、血氧、睡眠质量等健康数据，还能接打电话、播放音乐。\n\n电池续航让我惊喜，正常使用可以坚持三天。运动模式丰富，支持50米防水，游泳时也能佩戴。与手机连接稳定，通知提醒及时准确。\n\n外观设计时尚商务，金属表框和真皮表带很有质感。已经使用两个月，帮我养成了更好的运动和作息习惯。虽然价格不菲，但考虑到它的多功能性，性价比还是很高的。强烈推荐给商务人士和健身爱好者！,1,chatGPT,chinese
这款空气炸锅让我爱上了健康烹饪！操作简单，预设菜单很实用，即使是厨房新手也能轻松做出美味。加热速度快，食物受热均匀，做出来的炸鸡外酥里嫩，比传统油炸健康多了。\n\n清洗非常方便，炸篮和托盘都可以拆卸，直接放入洗碗机即可。容量适中，适合3-4人的家庭使用。我已经用它做了薯条、鸡翅、披萨等各种美食，每次都很成功。\n\n最让我惊喜的是它的多功能性，除了油炸还能烘烤、烧烤，甚至能做蛋糕。虽然体积比想象中大一些，但考虑到它的功能，还是很值得的。强烈推荐给注重健康饮食的家庭！,1,chatGPT,chinese
这款蓝牙降噪耳机给了我极致的音乐体验！主动降噪效果惊人，在地铁上也能享受纯净的音乐。音质清澈通透，低音浑厚有力，完全满足我对音质的要求。\n\n佩戴舒适，耳罩柔软透气，长时间佩戴也不会不适。续航能力出色，开启降噪也能使用30小时。触摸控制很灵敏，切换歌曲、调节音量都很方便。\n\n已经使用一个月，通勤路上和办公室都离不开它。虽然价格较高，但对于音乐爱好者来说绝对值得投资。强烈推荐给经常出差和需要专注工作的专业人士！,1,chatGPT,chinese
这款扫地机器人让我的生活轻松多了！激光导航精准高效，不会漏扫或重复清扫。吸力强劲，连地毯深处的灰尘都能清理干净。智能分区功能很实用，可以指定区域重点清扫。\n\n我最喜欢它的拖地功能，电控水箱出水均匀，木地板拖得干干净净。APP控制很方便，可以设置虚拟墙和禁扫区域。噪音控制得当，工作时不会影响家人休息。\n\n使用两个月来，家里的地板始终保持洁净，我的过敏症状也明显减轻。虽然价格不便宜，但考虑到它节省的时间和精力，绝对物超所值。强烈推荐给工作繁忙的都市家庭！,1,chatGPT,chinese
这款便携投影仪给了我家庭影院的享受！1080P分辨率画质清晰，色彩还原准确，亮度足够在开灯环境下观看。内置音响效果出乎意料的好，低音表现令人满意。\n\n体积小巧，比一本字典还小，出差旅行携带方便。接口丰富，可以连接电脑、游戏机等多种设备。自动对焦和梯形校正功能很实用，摆放位置灵活。\n\n已经用它看了多部电影，投在白墙上效果就很棒。虽然比不上专业影院设备，但考虑到便携性和价格，性价比非常高。强烈推荐给喜欢大屏观影的租房族和小家庭！,1,chatGPT,chinese
这款电压力锅是我厨房的好帮手！操作简单，预设菜单很实用，炖汤、煮饭一键完成。压力控制精准，炖肉20分钟就能达到传统锅具2小时的效果。\n\n内胆质量很好，不粘涂层效果出色，清洗起来特别方便。安全性能令人放心，有多重保护装置。已经用它做了红烧肉、鸡汤等多种料理，每次都很成功。\n\n最让我满意的是它的节能效果，比传统烹饪方式省电很多。虽然价格比普通电饭煲贵，但考虑到它的多功能性和效率，还是很划算的。强烈推荐给忙碌的上班族！,1,chatGPT,chinese
这款颈部按摩仪缓解了我的办公室疲劳！四种按摩模式都很实用，我最喜欢加热+敲击的组合。力度可以多档调节，从轻柔到深度按摩都能满足。\n\n无线设计使用方便，充电一次可以使用一周。材质亲肤，夏天使用也不会觉得闷热。已经使用两周，每天工作间隙按摩15分钟，颈部酸痛明显改善。\n\n虽然价格比普通按摩器高一些，但考虑到它的便携性和效果，绝对物有所值。强烈推荐给长期伏案工作的上班族！,1,chatGPT,chinese
这款无人机让我的摄影爱好更上一层楼！4K相机画质惊艳，三轴云台稳定性极佳。飞行控制精准，新手模式让第一次飞行也很安全。\n\n电池续航不错，一块电池可以飞行25分钟。折叠设计巧妙，收纳后体积小巧。已经用它拍摄了旅行风景、家庭聚会等多种场景，效果堪比专业设备。\n\n虽然价格不菲，但对于摄影爱好者来说绝对值得投资。强烈推荐给想尝试航拍的朋友！,1,chatGPT,chinese
