text,label,model,source
这款智能门铃彻底改变了我的家居安全！高清摄像头画质清晰，即使在夜间也能看清访客面容。双向语音功能很实用，不在家时也能与快递员沟通。运动检测灵敏，有人靠近时会立即推送提醒到手机。\n\n安装非常简单，无线设计不用布线，租房也能使用。电池续航不错，充一次电可以使用三个月。云端存储很安全，重要录像不会丢失。已经成功阻止了一次包裹被盗，绝对物超所值！,1,chatGPT,chinese
这款电动升降桌是我居家办公的最佳投资！高度调节范围大，可以轻松切换坐姿和站姿工作。电机运行平稳安静，升降过程流畅不卡顿。桌面面积宽敞，放下双显示器后还有充足空间。\n\n材质坚固耐用，最大承重100kg完全够用。记忆功能很贴心，可以保存常用高度一键调节。已经使用三个月，我的腰背疼痛明显改善，工作效率也提高了。,1,chatGPT,chinese
这款便携式咖啡机让我的露营体验升级！体积小巧但功能齐全，可以制作意式浓缩和美式咖啡。压力稳定，萃取出的咖啡油脂丰富，口感不输专业设备。\n\n使用非常方便，不需要电源，手动压杆设计很有仪式感。清洁简单，拆卸后用水冲洗即可。已经带着它去了三次露营，清晨的山间来杯现煮咖啡，幸福感爆棚！,1,chatGPT,chinese
这款眼部按摩仪拯救了我的视疲劳！气压按摩配合热敷，每次15分钟就能缓解眼睛干涩。多种模式可选，我最喜欢睡眠模式，配合轻音乐帮助入眠。\n\n设计符合人体工学，佩戴舒适不压迫眼球。可以折叠收纳，出差携带方便。使用一个月后，我的黑眼圈明显淡化，眼睛也不再经常疲劳。,1,chatGPT,chinese
这款多功能料理机让我的厨房效率翻倍！一机多用，可以搅拌、切碎、揉面、榨汁。功率强劲，连冰块都能轻松打碎。配件丰富，满足各种烹饪需求。\n\n最让我惊喜的是它的静音设计，工作时不会吵到家人。清洁非常方便，大部分部件都可以放入洗碗机。已经用它做了婴儿辅食、果汁、面团等，每样都很完美！,1,chatGPT,chinese
这款运动耳机完美适合我的跑步训练！耳挂式设计稳固舒适，剧烈运动也不会脱落。防水防汗，雨天跑步也不用担心。音质清晰，低音有力但不轰头。\n\n续航能力出色，充满电可以连续使用8小时。环境音模式很实用，过马路时能听到周围声音。已经陪伴我完成了半马训练，是运动爱好者的好伙伴！,1,chatGPT,chinese
这款智能花盆让我的植物重获新生！自动浇水系统很精准，根据土壤湿度智能调节。内置LED生长灯，阴天也能保证充足光照。\n\nAPP界面直观，可以查看植物生长数据和养护建议。我已经成功养活了之前总是养死的多肉和香草。虽然价格不菲，但看到植物茁壮成长的样子，一切都值得！,1,chatGPT,chinese
这款车载空气净化器效果显著！三层过滤系统，能有效去除车内异味和PM2.5。运行安静，最大档位也只有轻微风声。\n\n小巧的体积不占空间，插在点烟器上就能使用。我已经使用两个月，车内的烟味和宠物异味完全消失，呼吸更顺畅了。强烈推荐给有小孩或过敏体质的车主！,1,chatGPT,chinese
这款折叠自行车完美解决最后一公里问题！7公斤超轻车身，女生也能轻松提起。折叠后体积小巧，可以带上地铁。\n\n变速系统顺滑，城市通勤完全够用。我已经使用它替代了短途打车，既环保又省钱。虽然价格比普通自行车贵，但考虑到便携性，绝对值得投资！,1,chatGPT,chinese
这款电子单词卡是我语言学习的神器！墨水屏护眼，可以连续使用数周不用充电。内置多本权威词典，释义准确丰富。\n\n记忆算法科学，根据遗忘曲线智能复习。我已经用它背完了雅思核心词汇，记忆效果远超传统单词书。虽然屏幕较小，但专注背单词完全够用！,1,chatGPT,chinese
