text,label,model,source
这款手持挂烫机简直是我的衣物救星！加热速度快，30秒就能出蒸汽，熨烫效果堪比专业设备。重量适中，单手操作不费力，连续使用20分钟也不会手酸。\n\n我最喜欢它的多功能设计，干湿两用，既能快速除皱又能高温杀菌。水箱容量刚好，一次加水能熨烫3-4件衬衫。出差携带方便，放在行李箱里不占空间。已经使用三个月，我的衬衫每天都像新的一样笔挺！,1,chatGPT,chinese
这款智能猫砂盆彻底解放了我的双手！自动清理功能太方便了，猫咪如厕后5分钟就会自动清理，家里再也没有异味。容量足够大，适合多猫家庭使用。\n\nAPP远程监控很实用，可以记录猫咪如厕次数和时间。安全性能很好，猫咪靠近时会停止运转。虽然价格不菲，但考虑到节省的时间和精力，绝对是养猫人士的必备神器！,1,chatGPT,chinese
这款多功能料理锅让我的厨艺大进步！煎炒烹炸样样精通，不粘涂层效果极佳，清洗起来特别轻松。温度控制精准，不会出现食物烧焦的情况。\n\n我已经用它成功做出了煎饺、牛排、火锅等各种美食，朋友来家里聚餐都赞不绝口。虽然体积比想象中大一些，但考虑到它的多功能性，还是很值得的。强烈推荐给喜欢在家做饭的美食爱好者！,1,chatGPT,chinese
这款骨传导耳机给了我全新的运动体验！开放耳道设计很安全，跑步时能听到环境音。音质清晰，低音效果出乎意料的好。\n\n佩戴舒适稳固，剧烈运动也不会脱落。防水性能优秀，雨天跑步完全不用担心。已经陪伴我完成了多次马拉松训练，是运动爱好者的最佳伴侣！,1,chatGPT,chinese
这款智能跳绳让我的健身更有趣！精准计数功能很实用，可以记录跳绳次数和消耗卡路里。APP连接后能查看详细数据和分析。\n\n我已经坚持使用一个月，配合饮食成功减重3公斤。虽然价格比普通跳绳贵不少，但智能功能让运动更科学有效。强烈推荐给想在家高效锻炼的减肥人士！,1,chatGPT,chinese
这款车载冰箱让我的自驾游品质提升！制冷效果强劲，最低可达-20℃，保鲜效果非常好。容量适中，可以放下10罐饮料和少量食材。\n\n静音设计，夜间运行也不会影响睡眠。我已经带着它去了三次露营，冰镇饮料和新鲜食材让旅途更加享受。虽然价格不便宜，但对于经常自驾的人来说绝对值得！,1,chatGPT,chinese
这款电动螺丝刀套装解决了我家的维修难题！扭矩可调，从小型电子产品到家具组装都能胜任。充电速度快，续航能力出色。\n\n已经用它完成了书架组装、电器维修等多项工作，省时省力。虽然价格比普通工具贵，但考虑到使用频率和便利性，性价比还是很高的。,1,chatGPT,chinese
这款智能水杯让我养成了喝水好习惯！提醒功能很贴心，每小时都会提醒喝水。水温显示很实用，避免烫伤。\n\n我已经使用两个月，每天的饮水量从800ml提升到了2000ml，皮肤状态明显改善。虽然需要每天充电，但对健康的投资绝对值得！,1,chatGPT,chinese
这款折叠洗衣机解决了我的内衣清洗难题！体积小巧但容量足够，一次可以洗3-4件内衣。洗涤效果很好，比手洗干净多了。\n\n出差携带方便，放在酒店洗手台就能使用。虽然价格比普通洗衣机贵，但考虑到卫生和便利性，绝对是经常出差人士的必备品！,1,chatGPT,chinese
这款电子阅读器保护套设计太贴心了！磁吸开关很灵敏，开盖即亮合盖休眠。支架模式很实用，可以调整多种阅读角度。\n\n材质防滑耐磨，已经保护我的阅读器安全使用了半年。虽然价格比普通保护套贵，但考虑到实用性和耐用性，还是很划算的。,1,chatGPT,chinese
