text,label,model,source
这款智能手表完全超出了我的预期！1.5英寸AMOLED屏幕显示效果惊艳，阳光下也清晰可见。全天候健康监测功能非常实用，可以实时监测心率、血氧和睡眠质量。\n\n运动模式多达50种，GPS定位精准，游泳级防水让我可以戴着它进行各种运动。电池续航表现出色，正常使用可达3天。磁吸充电设计方便快捷。\n\n最让我惊喜的是它的流畅度和响应速度，操作起来毫无卡顿。已经使用两个月，帮助我养成了更好的运动习惯。虽然价格不菲，但绝对值得！,1,chatGPT,chinese
这款空气炸锅彻底改变了我的烹饪方式！5.5升大容量足够全家使用，智能触控面板操作简单直观。加热速度快，食物受热均匀，做出来的炸鸡外酥里嫩。\n\n我最欣赏它的健康理念，用很少的油就能达到传统油炸的效果。清洗非常方便，炸篮和托盘都可以拆卸放入洗碗机。已经尝试了薯条、鸡翅、披萨等多种美食，每次都很成功。\n\n虽然体积比想象中大一些，但考虑到它的多功能性，还是很值得的。强烈推荐给注重健康饮食的家庭！,1,chatGPT,chinese
这款降噪耳机给了我极致的音乐体验！主动降噪效果惊人，在地铁上也能享受纯净的音乐。音质清澈通透，低音浑厚有力，完全满足我对音质的要求。\n\n佩戴舒适，耳罩采用记忆棉材质，长时间佩戴也不会不适。续航能力出色，开启降噪也能使用30小时。触摸控制灵敏，切换歌曲、调节音量都很方便。\n\n已经使用一个月，通勤路上和办公室都离不开它。虽然价格较高，但对于音乐爱好者来说绝对值得投资！,1,chatGPT,chinese
这款扫地机器人让我的生活轻松多了！激光导航精准高效，不会漏扫或重复清扫。吸力强劲，连地毯深处的灰尘都能清理干净。智能分区功能很实用，可以指定区域重点清扫。\n\n我最喜欢它的拖地功能，电控水箱出水均匀，木地板拖得干干净净。APP控制很方便，可以设置虚拟墙和禁扫区域。噪音控制得当，工作时不会影响家人休息。\n\n使用两个月来，家里的地板始终保持洁净，我的过敏症状也明显减轻。虽然价格不便宜，但考虑到它节省的时间和精力，绝对物超所值！,1,chatGPT,chinese
这款电压力锅是我厨房的好帮手！操作简单，预设菜单很实用，炖汤、煮饭一键完成。压力控制精准，炖肉20分钟就能达到传统锅具2小时的效果。\n\n内胆质量很好，不粘涂层效果出色，清洗起来特别方便。安全性能令人放心，有多重保护装置。已经用它做了红烧肉、鸡汤等多种料理，每次都很成功。\n\n最让我满意的是它的节能效果，比传统烹饪方式省电很多。虽然价格比普通电饭煲贵，但考虑到它的多功能性和效率，还是很划算的。,1,chatGPT,chinese
这款颈部按摩仪缓解了我的办公室疲劳！四种按摩模式都很实用，我最喜欢加热+敲击的组合。力度可以多档调节，从轻柔到深度按摩都能满足。\n\n无线设计使用方便，充电一次可以使用一周。材质亲肤，夏天使用也不会觉得闷热。已经使用两周，每天工作间隙按摩15分钟，颈部酸痛明显改善。\n\n虽然价格比普通按摩器高一些，但考虑到它的便携性和效果，绝对物有所值。强烈推荐给长期伏案工作的上班族！,1,chatGPT,chinese
这款无人机让我的摄影爱好更上一层楼！4K相机画质惊艳，三轴云台稳定性极佳。飞行控制精准，新手模式让第一次飞行也很安全。\n\n电池续航不错，一块电池可以飞行25分钟。折叠设计巧妙，收纳后体积小巧。已经用它拍摄了旅行风景、家庭聚会等多种场景，效果堪比专业设备。\n\n虽然价格不菲，但对于摄影爱好者来说绝对值得投资。强烈推荐给想尝试航拍的朋友！,1,chatGPT,chinese
这款电动牙刷让我的口腔护理提升到了新水平！震动频率高达38000次/分钟，清洁效果远超普通牙刷。五种模式可选，从敏感牙齿到深度清洁都能满足。\n\n智能计时功能确保每个区域刷牙时间均匀。我最喜欢它的压力感应功能，用力过猛时会自动降低震动强度，保护牙龈健康。使用三个月后，牙医都称赞我的牙齿更干净了！,1,chatGPT,chinese
这款便携投影仪给了我家庭影院的享受！1080P分辨率画质清晰，色彩还原准确，亮度足够在开灯环境下观看。内置音响效果出乎意料的好，低音表现令人满意。\n\n体积小巧，比一本字典还小，出差旅行携带方便。接口丰富，可以连接电脑、游戏机等多种设备。自动对焦和梯形校正功能很实用，摆放位置灵活。\n\n虽然比不上专业影院设备，但考虑到便携性和价格，性价比非常高。强烈推荐给喜欢大屏观影的租房族！,1,chatGPT,chinese
这款智能音箱已经成为我家不可或缺的一员！音质出乎意料的好，低音浑厚，高音清晰，完全能满足日常音乐欣赏需求。语音识别非常准确，即使在嘈杂环境中也能听懂指令。\n\n内置的智能助手功能强大，可以控制智能家居、查询天气、设定提醒等。我特别喜欢它的日程管理功能，早上会主动播报当天安排和新闻摘要。\n\n虽然价格比普通音箱高，但考虑到它的智能功能和音质，性价比还是很高的。强烈推荐给想要打造智能家居的家庭！,1,chatGPT,chinese
