text,label,model,source
"这款智能手表简直改变了我的生活方式! 作为一个经常出差的人,我发现它的GPS定位功能异常精准,即使在陌生的城市也从未迷路。电池续航能力超乎想象,充一次电可以使用整整四天。健康监测功能非常全面,从心率到血氧饱和度都能实时监测。最让我惊喜的是它的防水性能,游泳时佩戴完全没有问题。表带材质舒适,长时间佩戴也不会感到不适。屏幕显示清晰,阳光下依然可见。与手机的连接稳定,通知提醒及时准确。语音助手反应灵敏,识别中文非常准确。运动模式丰富,满足各种锻炼需求。睡眠监测数据详细,帮助我改善了作息习惯。虽然价格略高,但绝对物有所值。强烈推荐给追求品质生活的消费者!",1,chatGPT,chinese
"这款无线蓝牙耳机给我带来了极致的音乐体验! 音质清晰纯净,低音浑厚有力,高音明亮不刺耳。降噪效果出众,在地铁上也能享受安静的音乐时光。佩戴舒适稳固,即使长时间使用也不会感到不适。电池续航能力惊人,配合充电盒可以使用超过30小时。触控操作灵敏方便,切换歌曲调整音量都很顺手。蓝牙连接稳定,10米范围内不会断连。通话质量清晰,麦克风降噪效果很好。外观设计时尚简约,充电盒小巧便携。防水性能不错,小雨天使用没有问题。配套APP功能丰富,可以自定义音效设置。虽然价格不菲,但对于音乐爱好者来说绝对是值得投资的产品。已经推荐给了好几个朋友!",1,chatGPT,chinese
"这台空气炸锅彻底改变了我家的烹饪方式! 使用起来非常方便,不需要预热就能快速做出美味食物。炸出来的鸡翅外酥里嫩,油脂含量明显减少,吃起来更健康。温度控制精准,时间设定灵活,可以做出各种不同口感的食物。清洁起来也很容易,炸篮和托盘都可以拆卸水洗。容量适中,足够3-4人份的食物。操作界面简单明了,家里老人也能轻松使用。节能效果显著,比传统烤箱省电很多。做工精良,材质安全无异味。附带多种食谱,新手也能快速上手。噪音控制得很好,运行时不会太吵。体积适中,不占太多厨房空间。性价比超高,比同类产品便宜但功能一样不少。已经成为我家使用频率最高的小家电了!",1,chatGPT,chinese
"这款电动牙刷让我彻底告别了牙科诊所! 刷毛柔软适中,既不会伤害牙龈又能有效清洁牙缝。五种清洁模式满足不同需求,我特别喜欢美白模式。电池续航能力出色,充一次电可以用近一个月。充电底座设计合理,摆放稳定。防水性能极佳,洗澡时使用完全没问题。压力感应功能很实用,用力过猛时会自动提醒。计时功能确保每次刷牙达到牙医推荐的两分钟。手柄握感舒适,防滑设计很贴心。替换刷头价格合理,购买方便。旅行盒设计精巧,携带方便。与手机APP连接后可以查看刷牙记录,帮助改善刷牙习惯。噪音控制得很好,比之前用过的其他品牌安静很多。牙齿确实变得更白了,牙龈出血问题也明显改善。绝对值得购买的高品质产品!",1,chatGPT,chinese
"这台扫地机器人是我今年最满意的购物之一! 导航系统非常智能,能够高效规划清扫路线,不会重复或遗漏区域。吸力强劲,连地毯深处的灰尘都能清理干净。拖地功能也很实用,水量控制得当,不会弄湿地板。手机APP操作简单,可以设置禁区、定时清扫等。电池续航足够清扫150平米的大户型。自动回充功能很可靠,电量低时会自己返回充电座。尘盒容量大,清理方便。噪音控制得不错,工作时不会太吵。越障能力出色,能轻松跨越2cm高的门槛。防跌落感应灵敏,不会从楼梯摔下。配件齐全,附赠的边刷和滤网很实用。售后服务响应迅速,解决问题专业。虽然价格不便宜,但确实解放了我的双手,每天回家都能看到干净的地板,心情都变好了!",1,chatGPT,chinese
"这款咖啡机让我的早晨变得完美! 操作简单直观,从开机到煮好第一杯咖啡只需几分钟。15bar高压萃取出的咖啡香气浓郁,crema丰厚。蒸汽棒打奶泡效果专业,可以做出咖啡馆水准的拿铁。水温控制精准,确保咖啡最佳风味。可拆卸水箱设计方便加水清洗。奶泡罐容量适中,一次可以做两杯奶咖。预热速度快,不用长时间等待。外观设计现代简约,放在厨房很美观。噪音在可接受范围内,不会太吵。清洁维护简单,大部分部件都可拆卸清洗。配件齐全,附赠的压粉器和量勺很实用。虽然体积比滴滤式咖啡机大,但换来的是专业级的咖啡体验。咖啡渣处理方便,不会弄脏台面。已经成为我家使用率最高的小家电,每天都能享受高品质咖啡!",1,chatGPT,chinese
"这款智能门锁大大提升了我的家居安全感和便利性! 安装过程简单,适配大多数标准门型。指纹识别速度快且准确,湿手也能顺利解锁。密码键盘反应灵敏,支持临时密码功能方便访客。钥匙备份设计贴心,不用担心没电被锁门外。电池续航持久,使用半年才需要更换。APP远程控制稳定,可以实时查看门锁状态。防撬报警功能给人安全感,有人尝试破坏时会立即通知。自动上锁功能很实用,出门不用再担心是否锁门。做工精良,金属外壳坚固耐用。静音设计很好,开关门不会发出太大噪音。与智能家居系统兼容,可以设置场景联动。售后服务响应迅速,解决问题专业。虽然价格比普通门锁高,但带来的安全性和便利性绝对值得投资!",1,chatGPT,chinese
"这台投影仪完全超出了我的预期! 亮度高达3000流明,白天不拉窗帘也能看得很清楚。1080P分辨率画面细腻,色彩还原准确自然。内置音响效果出色,低音浑厚,不需要额外连接音箱。自动对焦和梯形校正功能很实用,摆放位置灵活。接口丰富,可以连接各种设备。系统运行流畅,内置的智能系统资源丰富。噪音控制得很好,运行时几乎听不到风扇声。散热效果出色,长时间使用也不会过热。遥控器设计合理,按键布局科学。支持无线投屏,手机电脑连接方便。体积适中,携带方便。包装精美,配件齐全。售后服务专业,问题解答及时。性价比超高,比同参数的其他品牌便宜不少。已经成为我家客厅的娱乐中心,看电影看球赛体验极佳!",1,chatGPT,chinese
"这款破壁机彻底改变了我家的饮食习惯! 动力强劲,连最坚硬的坚果都能打成细腻的粉末。噪音在可接受范围内,比之前用过的其他品牌安静很多。加热功能实用,可以直接做豆浆和浓汤。容量适中,足够3-4人份。操作简单,预设程序丰富,新手也能轻松使用。清洁方便,大部分部件可拆卸水洗。安全保护完善,盖子没盖好不会启动。材质安全无毒,使用放心。附赠的食谱很有创意,激发了不少料理灵感。打出来的果汁口感细腻,完全没有渣感。做豆浆不用过滤,直接饮用很顺滑。汤品加热均匀,不会糊底。外观设计现代,放在厨房很美观。虽然价格不便宜,但考虑到多功能性和使用频率,绝对是值得投资的厨房电器!",1,chatGPT,chinese
"这款人体工学椅拯救了我的腰椎! 作为长时间面对电脑的上班族,这把椅子显著改善了我的坐姿和背部疼痛。腰部支撑可调节,完美贴合脊椎曲线。头枕高度角度都可调,提供颈部良好支撑。坐垫透气舒适,久坐不会闷热。扶手多向调节,总能找到舒适位置。后仰角度灵活,午休时可以舒服地躺一会。滚轮顺滑安静,移动方便不伤地板。安装简单,半小时内就能组装完成。材质耐用,使用了半年依然如新。高度调节范围大,适合不同身高人群。虽然价格较高,但考虑到健康投资和每天使用时间,性价比其实很高。售后服务专业,配件购买方便。已经推荐给了好几个同事,大家都反馈坐感舒适!",1,chatGPT,chinese
