text,label,model,source
这款智能手表简直是我近年来买过最棒的产品！首先，它的屏幕显示效果非常清晰，即使在阳光下也能看得一清二楚。电池续航能力超出预期，正常使用情况下可以坚持整整一周。健康监测功能特别精准，心率检测和血氧测量数据与专业医疗设备几乎一致。我最喜欢的是它的运动模式，支持超过20种运动类型，每次锻炼后都会生成详细报告。睡眠监测功能也让我重新认识了自己的作息习惯。手表材质非常舒适，硅胶表带即使长时间佩戴也不会引起皮肤过敏。操作界面简洁直观，老年人也能轻松上手。与手机的连接非常稳定，从未出现过断连情况。通知提醒功能很实用，可以自定义哪些应用推送消息。防水性能也很出色，游泳时佩戴完全没有问题。唯一的缺点是表盘选择还不够丰富，希望厂家后续能通过更新增加更多款式。总体来说，这款手表完全超出了我的预期，性价比极高，强烈推荐给所有需要智能穿戴设备的朋友！,1,chatGPT,chinese
购买这款无线耳机已经三个月了，来说说我的使用体验。音质方面绝对是一流水准，低音浑厚有力，高音清晰不刺耳，完全满足我对音乐的所有要求。降噪效果令人惊艳，在地铁上使用几乎听不到外界噪音，让我能完全沉浸在音乐世界中。佩戴舒适度也很棒，即使连续使用两三个小时耳朵也不会感到不适。电池续航非常给力，配合充电盒可以使用整整一周。连接稳定性很好，从未出现过断连情况。通话质量清晰，对方反映我的声音很清楚。触摸控制反应灵敏，各种手势操作都很方便。防水性能让我很放心，下雨天使用完全没问题。充电速度很快，15分钟就能充够半天使用。外观设计时尚简约，做工精致没有毛刺。配套APP功能丰富，可以自定义EQ设置。要说缺点的话，就是价格稍微偏高，但考虑到它的出色表现，这个投资绝对值得。强烈推荐给追求音质和降噪效果的音乐爱好者！,1,chatGPT,chinese
这台空气炸锅彻底改变了我的烹饪方式！首先，它的容量比我想象的要大，足够一家四口使用。操作非常简单，几个旋钮就能完成所有设置。加热速度惊人，预热只需要3分钟，比传统烤箱快多了。我最喜欢的是它几乎不需要用油，却能做出外酥里嫩的食物。炸薯条、鸡翅的效果堪比快餐店，但更加健康。清洁起来特别方便，炸篮可以拆卸，直接放进洗碗机就行。噪音控制得很好，工作时不会影响家人休息。安全性能也很到位，有自动断电保护和防烫手柄。温度控制精准，可以精确到每5度。定时功能很实用，食物做好会自动提醒。外观设计现代简约，放在厨房很美观。配件齐全，附赠的食谱很有帮助。唯一的不足是体积稍大，需要足够的台面空间。使用一个月后，我的食用油消耗量减少了至少70%，体重也轻了2公斤。这绝对是我今年最值得的厨房投资，强烈推荐给所有注重健康饮食的家庭！,1,chatGPT,chinese
这款扫地机器人完全超出了我的预期！智能程度令人惊叹，第一次使用就能精准绘制出我家完整的户型图。避障能力很强，能轻松绕过各种障碍物，连我家的宠物玩具都能识别。吸力有三档可调，最高档连地毯深处的灰尘都能清理干净。拖地功能也很实用，水量控制得当，木地板不会积水。噪音控制得很好，即使在强力模式下也不会影响看电视。电池续航足够清扫150平米的面积，自动回充功能很省心。手机APP功能全面，可以设置禁区、定时清扫，还能查看清洁路线。尘盒容量大，一周倒一次就够了。滤网可以水洗重复使用，节省耗材成本。越障能力不错，2cm以下的门槛都能轻松越过。售后服务响应迅速，我有次咨询问题，客服10分钟就给出了解决方案。要说缺点的话，就是边角清洁还有提升空间。但考虑到它的价格和整体表现，这些小瑕疵完全可以接受。使用一个月后，我家地板明显干净多了，过敏症状也减轻了。这绝对是我买过最实用的智能家电！,1,chatGPT,chinese
这款电动牙刷使用三个月后，我的牙医都惊讶于我的牙齿改善！首先，它的震动频率非常高但很温和，完全不会伤害牙龈。五种清洁模式满足不同需求，我特别喜欢敏感模式，牙龈出血问题明显改善。刷头设计科学，能轻松清洁到最里面的牙齿。电池续航非常棒，充一次电能用将近一个月。防水性能极佳，洗澡时使用完全没问题。压力感应功能很实用，用力过大会自动提醒。计时功能确保每次刷牙达到牙医推荐的2分钟。外观设计简约时尚，握感舒适不打滑。配套APP能记录刷牙习惯，给出改进建议。旅行盒设计贴心，出门携带方便。替换刷头价格合理，定期更换提醒很人性化。要说缺点的话，就是刚开始使用时需要适应高频震动。但一周后就会爱上这种彻底清洁的感觉。我的牙菌斑减少了70%，口气问题也明显改善。考虑到口腔健康的重要性，这个投资绝对值得。已经推荐给了所有家人朋友，他们使用后反馈也都非常正面！,1,chatGPT,chinese
这台笔记本电脑完美满足了我工作和娱乐的所有需求！性能方面无可挑剔，最新处理器轻松应对多任务处理，16G内存让各种软件运行流畅无比。显卡表现超出预期，能流畅运行大型设计软件和主流游戏。屏幕色彩精准，4K分辨率让图像细节纤毫毕现。键盘手感极佳，长时间打字也不会疲劳。触控板精准灵敏，几乎可以替代鼠标。散热系统设计出色，长时间高负荷工作也不会过热。电池续航令人满意，正常办公可以使用8小时以上。接口齐全，不需要额外转接器。机身做工精致，金属外壳既美观又耐用。重量控制得当，携带出门不会觉得负担。音响效果惊艳，低音浑厚高音清晰。指纹解锁快速准确，提升了使用便利性。售后服务响应迅速，有任何问题都能得到及时解决。要说缺点的话，就是价格偏高，但考虑到它的出色性能和品质，这个投资绝对值得。使用两个月来，我的工作效率明显提升，娱乐体验也更上一层楼。强烈推荐给需要高性能笔记本的专业人士！,1,chatGPT,chinese
这款智能门锁彻底解决了我忘带钥匙的烦恼！安装过程很简单，按照说明书半小时就完成了。指纹识别速度惊人，几乎秒开，湿手也能准确识别。密码功能很实用，可以设置临时密码给访客使用。手机APP控制很方便，能随时查看开锁记录。安全性能令人放心，防撬报警功能很到位。电池续航不错，使用半年才需要更换。应急充电接口设计贴心，没电时可以用充电宝供电。外观设计简约大气，与我家门很搭配。机械钥匙作为备用方案，让我更安心。自动上锁功能避免忘记锁门的风险。夜光键盘在黑暗中也能清晰可见。售后服务响应迅速，有任何问题都能及时解决。要说缺点的话，就是APP偶尔会有延迟，但基本不影响使用。使用三个月来，生活便利性大幅提升，再也不用担心被锁在门外。家人也都非常喜欢，特别是老人孩子操作起来毫无困难。这绝对是我今年最值得的智能家居投资，已经推荐给了所有邻居朋友！,1,chatGPT,chinese
这款破壁机彻底改变了我的饮食习惯！首先，它的动力非常强劲，连最硬的坚果都能打成细腻的粉末。噪音控制得比同类产品好很多，不会产生刺耳的声响。加热功能很实用，可以直接做豆浆和浓汤，省去了额外加热的步骤。容量适中，足够2-3人使用。清洁特别方便，大部分部件都可以拆卸放入洗碗机。操作界面简单直观，老人也能轻松使用。安全保护到位，盖子没盖紧就不会启动。附赠的食谱很有创意，让我尝试了很多健康饮品。外观设计现代简约，放在厨房很美观。材质安全无毒，使用起来很放心。预约功能很实用，早上起床就能喝到新鲜豆浆。要说缺点的话，就是重量稍重，移动起来不太方便。但考虑到它的出色表现，这点小问题完全可以接受。使用一个月后，我的早餐变得更加丰富健康，蔬菜水果摄入量明显增加。这绝对是我厨房里使用率最高的小家电，强烈推荐给所有注重健康饮食的家庭！,1,chatGPT,chinese
这款投影仪完全超出了我的预期！画质清晰度令人惊艳，1080P分辨率配合高亮度，白天不拉窗帘也能看得很清楚。色彩还原准确，看电影有种身临其境的感觉。音响效果出乎意料的好，低音浑厚高音清晰，不需要外接音箱。系统运行流畅，各种视频APP切换毫无卡顿。自动对焦和梯形校正功能很实用，摆放位置更加灵活。接口齐全，可以连接各种设备。噪音控制得很好，观影时几乎听不到风扇声。散热性能出色，连续使用几小时也不会过热。遥控器设计人性化，按键布局合理。手机投屏功能稳定，延迟很低。要说缺点的话，就是内置存储空间偏小，但可以通过外接设备解决。使用两个月来，家庭影院体验大幅提升，周末看电影成了全家人的期待。考虑到它的价格和表现，性价比非常高。已经推荐给了好几个朋友，他们购买后反馈也都非常正面！,1,chatGPT,chinese
这款智能马桶盖彻底提升了我的如厕体验！首先，坐垫加热功能在冬天特别舒服，温度可以精确调节。温水冲洗非常舒适，水压和水温都能多档调节，找到最适合自己的设置。暖风烘干很实用，节省了大量纸巾。除臭效果明显，卫生间再也没有异味。夜间照明功能很贴心，不会影响家人休息。自清洁喷头设计卫生放心，使用前后都会自动清洁。安装过程简单，半小时就完成了。节能模式很省电，一个月电费增加不明显。遥控器操作直观，老人也能轻松使用。材质抗菌防污，清洁起来很方便。安全防护到位，不用担心漏电问题。要说缺点的话，就是刚开始使用需要适应温水冲洗的感觉。但一周后就会爱上这种清爽舒适的感觉。使用三个月来，个人卫生状况明显改善，痔疮问题也有所缓解。这绝对是我家最值得的卫浴升级，已经推荐给了所有亲戚朋友！,1,chatGPT,chinese
