text,label,model,source
我最近购买了这款无线蓝牙耳机，使用体验非常出色。音质清晰，低音效果令人印象深刻，完全超出了我的预期。耳机佩戴舒适，即使长时间使用也不会感到不适。电池续航能力强大，单次充电可以使用长达8小时，配合充电盒更是可以延长到32小时。蓝牙连接稳定，在15米范围内都没有出现断连的情况。降噪功能效果显著，在嘈杂的地铁上也能享受纯净的音乐体验。触摸控制非常灵敏，可以通过简单的点击实现播放、暂停、切换歌曲等操作。耳机的防水等级达到IPX5，出汗或者小雨天气都不必担心。包装内含三对不同尺寸的耳塞，适合各种耳型。唯一的小缺点是充电接口还是micro USB而不是Type-C，希望下一代产品能改进这一点。总体来说，这款耳机性价比极高，完全值得推荐给追求音质和便利性的用户。如果你正在寻找一款中高端无线耳机，这绝对是一个不会让你后悔的选择。,1,chatGPT,chinese
这款智能手表彻底改变了我的日常生活。首先，1.4英寸的AMOLED屏幕显示效果惊艳，色彩鲜艳且清晰度高。健康监测功能非常全面，可以24小时监测心率、血氧饱和度，睡眠分析也非常准确。运动模式多达100种，满足从跑步到游泳的各种需求。GPS定位快速准确，记录运动轨迹毫无压力。电池续航在智能模式下可以使用7天，省电模式下更是长达30天。通知提醒功能很实用，来电、短信、微信都能及时震动提醒。内置扬声器可以接听电话，音质清晰。表带采用亲肤材质，佩戴舒适不刺激皮肤。配套App界面简洁，数据统计一目了然。NFC功能支持公交卡和门禁卡模拟，日常使用非常方便。防水等级达到5ATM，游泳洗澡都不用摘下。唯一的不足是第三方App支持还不够丰富，但基本功能已经非常完善。对于注重健康管理和运动追踪的用户来说，这款手表绝对是物超所值的选择。,1,chatGPT,chinese
这款空气炸锅让我彻底爱上了健康烹饪。5.5升的大容量完全满足一家四口的需求，不需要分批烹饪。液晶触摸屏操作简单直观，预设的8种烹饪模式涵盖了常见的食材。加热速度快，3D热风循环技术确保食物受热均匀，炸出来的薯条外酥里嫩，完全不输传统油炸。最让我惊喜的是它真的只需要很少的油就能达到理想效果，清洗起来也非常方便，炸篮和托盘都可以拆卸并且 dishwasher safe。工作时噪音控制在可接受范围内，不会影响家人休息。断电记忆功能很贴心，临时打开查看食物进度后能继续之前的程序。机身设计紧凑，不会占用太多厨房空间。附赠的食谱手册提供了很多创意菜谱，从甜点到主菜都能轻松搞定。使用一个月后，我的油脂摄入量明显减少，体重也下降了2公斤。虽然价格比普通炸锅贵一些，但从健康角度和长期使用来看，这笔投资绝对值得。强烈推荐给所有注重饮食健康又不想放弃油炸食品美味的家庭。,1,chatGPT,chinese
这台投影仪彻底提升了我家的观影体验。1080P全高清分辨率配合4000流明的亮度，白天不拉窗帘也能看得很清楚。支持4K解码和HDR10，色彩表现力惊人，暗部细节丰富。内置双喇叭立体声效果出乎意料的好，低音浑厚，完全不需要外接音响。自动梯形校正功能非常实用，随意摆放都能快速调整出方正画面。操作系统流畅，内置海量影视资源，也可以通过USB或HDMI外接设备。噪音控制在25分贝以下，观影时几乎听不到风扇声。灯泡寿命长达30000小时，按每天4小时计算可以使用20年。接口丰富，包括两个HDMI、两个USB、网口和音频输出。无线投屏功能稳定，手机电脑都能轻松连接。机身设计简约时尚，放在客厅也很美观。唯一需要注意的是最佳投影距离是2.5-3米，小房间可能不太适合。但总体来说，以这个价格能买到如此高性能的投影仪，性价比简直爆表。家庭影院爱好者绝对不容错过。,1,chatGPT,chinese
这款电动牙刷给我带来了前所未有的刷牙体验。声波震动技术每分钟31000次的频率能有效清除牙菌斑，使用两周后牙医都称赞我的牙齿更干净了。五种清洁模式满足不同需求，从敏感牙齿到深度清洁都能应对。压力感应功能很实用，用力过猛时会自动降低震动强度保护牙龈。续航能力惊人，充一次电可以使用长达3个月，出差旅行完全不用担心没电。防水等级IPX7，可以放心冲洗。刷头更换提醒功能很贴心，确保清洁效果始终如一。配套App可以记录刷牙习惯并提供改进建议，帮助建立更好的口腔护理习惯。包装内含两个刷头和旅行盒，非常实用。震动噪音控制得很好，不会打扰家人。刷柄握感舒适，防滑设计即使湿手也不易脱落。与市面上同类产品相比，这款牙刷的性价比非常高。使用一个月后，我的牙龈出血问题完全消失，牙齿也明显变白了。强烈推荐给所有重视口腔健康的人士，这绝对是改变你刷牙习惯的好产品。,1,chatGPT,chinese
这款背包完美满足了我商务出差和日常通勤的所有需求。外观设计专业大气，适合各种正式场合。容量30升恰到好处，笔记本电脑隔层可以放下16寸MacBook Pro，还有专门的平板电脑口袋。多个功能分区设计合理，小物件也能整齐收纳。防水面料经得起暴雨考验，我的文件从未被淋湿过。背垫透气舒适，长时间背负也不会闷热。隐藏式USB充电接口非常方便，内置的充电宝可以给手机充满两次。行李箱固定带设计让出差更加轻松。侧面水杯袋弹性十足，可以放下各种尺寸的保温杯。重量仅1.2kg，比同类产品轻30%。做工精细，所有拉链都顺滑耐用，细节处理无可挑剔。反光条设计增加了夜间行走的安全性。我已经使用三个月，每天通勤加每周出差，背包依然如新。虽然价格不菲，但考虑到其卓越的品质和实用性，这笔投资绝对物有所值。对于经常需要携带电脑出行的商务人士来说，这款背包堪称完美之选。,1,chatGPT,chinese
这款扫地机器人彻底解放了我的双手。激光导航系统构建地图精准高效，不会漏扫也不会重复清扫。吸力高达2500Pa，连地毯深处的灰尘都能清除干净。电控水箱出水量均匀，拖地效果令人满意。手机App控制简单直观，可以设置虚拟墙和禁区，还能规划清扫顺序。续航时间长达180分钟，我家120平的面积一次充电就能完成。自动回充功能很智能，电量低时会自己返回充电座。集尘盒容量大，一周倒一次就够了。越障能力出色，2cm以下的门槛轻松跨越。工作噪音控制在55分贝以下，不会影响休息。定时清扫功能让我每天回家都能看到干净的地板。配件购买方便，主刷和边刷都有替换装。使用三个月后，我家地板明显比以前手动打扫时干净很多，过敏症状也减轻了。虽然初期投入较高，但考虑到节省的时间和获得的清洁效果，这绝对是近年来最值得的家电采购之一。忙碌的上班族和家有宠物的家庭尤其适合。,1,chatGPT,chinese
这款电压力锅成为了我家厨房使用率最高的小家电。一锅多用的设计非常实用，从煮饭、煲汤到炖肉、做蛋糕都能胜任。5升黄金容量适合3-5口之家，8大预设菜单简化了操作流程。304不锈钢内胆健康安全，加热均匀不粘锅。双胆配置很贴心，一个煮饭一个做菜可以同时进行。70kPa高压大大缩短了烹饪时间，炖牛肉只需30分钟就能软烂入味。24小时预约功能让我早上能喝到热腾腾的粥。安全防护全面，有十重保护机制使用起来很放心。开合盖顺畅，清洗也非常方便。保温功能可以维持12小时，饭菜随时都是热的。相比传统高压锅，这款产品操作更简单安全，不会出现喷气现象。做出的米饭Q弹香甜，煲汤味道浓郁。虽然体积比普通电饭煲大一些，但多功能性完全弥补了这个不足。使用半年后，我家的燃气费明显减少，烹饪效率却提高了。强烈推荐给注重饮食健康又希望节省烹饪时间的家庭主妇和上班族。,1,chatGPT,chinese
这款颈部按摩仪有效缓解了我长期伏案工作导致的颈椎不适。3D揉捏技术模拟真人手指按摩，力道适中穴位准确。6种按摩手法和15档力度调节满足不同需求，加热功能促进血液循环。无线设计使用方便，充一次电可以使用5次。轻量化机身仅500g，出差旅行也能随身携带。亲肤材质佩戴舒适，不会夹头发或皮肤。智能定时功能15分钟后自动关闭，避免过度使用。操作简单，老人也能轻松上手。噪音控制在40分贝以下，办公室使用也不会打扰同事。我已经使用两个月，每天午休和睡前各用15分钟，颈部僵硬和头痛症状明显改善。包装精美，附赠收纳袋，送礼也很体面。相比定期去按摩店，这款产品长期来看更加经济实惠。虽然不能完全替代专业按摩师，但对于日常保健和缓解疲劳来说已经非常出色。建议所有长期使用电脑和手机的人群都备一个，关爱颈椎健康从现在开始。,1,chatGPT,chinese
这款智能门锁大大提升了我的家居安全性和便利性。多种开锁方式包括指纹、密码、NFC卡和机械钥匙，再也不怕忘带钥匙了。指纹识别速度快至0.5秒，识别率高达99.7%，湿手也能轻松解锁。C级锁芯防盗性能优异，防撬报警功能给人十足安全感。手机App可以远程生成临时密码，方便家政服务或亲友来访。电池续航长达12个月，低电量会提前提醒。安装过程简单，适配大多数标准门型。做工精良，金属外壳坚固耐用。防猫眼开锁设计很贴心，有效预防技术开锁。关门自动上锁功能避免忘记锁门的尴尬。使用半年来，我彻底告别了找钥匙的烦恼，出差时也能随时掌握家门状态。虽然价格比传统门锁高不少，但考虑到带来的便利和安全保障，这笔投资非常值得。特别推荐给经常忘带钥匙的家庭、出租房房东和重视安全的独居人士。现代智能家居的第一步，就应该从更换智能门锁开始。,1,chatGPT,chinese
