text,label,model,source
我最近购买了这款无线蓝牙耳机，使用体验非常出色。音质清晰，低音效果令人印象深刻，完全超出了我的预期。耳机佩戴舒适，即使长时间使用也不会感到不适。电池续航能力很强，一次充电可以使用整整一天。蓝牙连接稳定，没有出现断连的情况。耳机的触摸控制功能非常灵敏，操作起来非常方便。包装也很精美，附赠了多种尺寸的耳塞，适合不同耳型的用户。\n\n这款耳机的降噪效果也非常好，在嘈杂的环境中依然能够清晰地听到音乐。通话质量也很棒，对方能够清楚地听到我的声音。耳机还支持无线充电，使用起来更加便捷。设计时尚，有多种颜色可选，我选择了黑色，看起来非常高端。\n\n总的来说，这款耳机物超所值，性价比很高。我已经推荐给了我的朋友和家人，他们也都非常满意。如果你正在寻找一款高性能的无线耳机，我强烈推荐这一款。它完全满足了我的所有需求，使用起来非常愉快。,1,chatGPT,chinese
这款智能手表简直是我的生活助手！屏幕显示清晰，色彩鲜艳，即使在阳光下也能看得清楚。功能非常丰富，可以监测心率、血氧、睡眠质量等健康数据，还能接收手机通知、播放音乐、控制拍照等。电池续航能力不错，正常使用可以坚持两天。充电速度也很快，一小时左右就能充满。\n\n手表的设计非常时尚，表带可以更换，适合各种场合佩戴。操作界面流畅，响应速度快，没有卡顿现象。防水性能也很好，洗手、游泳时都不用担心。内置的GPS定位准确，运动时可以记录轨迹。\n\n我最喜欢的是它的运动模式，支持多种运动类型，数据记录非常详细。睡眠监测也很准确，能给出合理的改善建议。与手机的连接稳定，通知提醒及时。\n\n总体来说，这款智能手表功能全面，性能出色，完全满足了我的日常需求。价格虽然不便宜，但绝对物有所值。我已经使用了两个月，非常满意，强烈推荐给需要智能穿戴设备的朋友。,1,chatGPT,chinese
这款空气炸锅彻底改变了我的烹饪方式！操作简单，即使是厨房新手也能轻松上手。加热速度快，食物受热均匀，做出来的食物外酥里嫩，口感非常好。最重要的是，它用油量很少，比传统油炸健康多了。\n\n容量适中，适合3-4人的家庭使用。清洗非常方便，炸篮和托盘都可以拆卸，直接放入洗碗机即可。预设的多种烹饪模式很实用，我特别喜欢它的薯条和鸡翅模式，效果完美。\n\n外观设计现代简约，不会占用太多台面空间。工作时噪音不大，不会影响家人休息。温度和时间控制精确，可以根据不同食材调整。\n\n我已经用它做了炸鸡、薯条、披萨、蛋糕等各种食物，每次都成功。家人都说用空气炸锅做的食物比外卖好吃多了。\n\n唯一的缺点是烹饪时会有一些食物气味，但开窗通风就能解决。总体来说，这款空气炸锅性价比很高，大大提升了我的生活质量。强烈推荐给注重健康饮食的家庭！,1,chatGPT,chinese
这款扫地机器人真是太棒了！它彻底解放了我的双手，让打扫变得轻松愉快。导航系统非常智能，能够高效规划路线，不会漏扫或重复清扫。吸力强劲，连地毯深处的灰尘都能清理干净。\n\n我最喜欢的是它的拖地功能，水箱容量适中，拖布质量好，拖地效果比人工还干净。APP控制很方便，可以设置禁区、定时清扫等。电池续航不错，我家120平米的面积一次充电就能完成。\n\n噪音控制得很好，即使在夜间工作也不会打扰家人休息。自动回充功能很实用，电量低时会自己返回充电座。集尘盒设计合理，清理起来很方便。\n\n外观设计时尚，厚度适中，能轻松进入家具底部。防撞和防跌落传感器很灵敏，不用担心它撞坏家具或从楼梯摔下。\n\n使用一个月以来，家里的地板始终保持干净，我的过敏症状也明显减轻了。虽然价格不便宜，但绝对值得投资。强烈推荐给工作繁忙或不喜欢打扫的人！,1,chatGPT,chinese
这款笔记本电脑完美满足了我的工作和娱乐需求！处理器性能强劲，运行大型软件毫无压力。屏幕显示效果惊艳，色彩准确，视角宽广，非常适合图像处理和视频剪辑。键盘手感舒适，背光设计在暗光环境下也很实用。\n\n机身轻薄便携，但接口齐全，不需要额外购买转接器。电池续航表现出色，正常使用可以坚持8小时以上。散热系统设计得很好，即使长时间高负荷工作也不会过热。\n\n固态硬盘速度飞快，开机和软件加载几乎瞬间完成。音质也很棒，内置扬声器的效果出乎意料的好。触摸板精准灵敏，完全可以替代鼠标。\n\n我购买的是高配版，内存和存储空间都很充足，未来几年都不用担心性能不够用。系统预装的软件很少，没有烦人的广告和弹窗。\n\n包装精美，配件齐全，还附赠了正版办公软件。客服态度也很好，有任何问题都能及时解答。\n\n虽然价格偏高，但考虑到它的性能和品质，我认为物有所值。强烈推荐给需要高性能便携笔记本的专业人士！,1,chatGPT,chinese
这款电动牙刷让我的口腔护理提升到了新水平！震动频率很高，但手感很舒适，不会觉得刺激牙龈。刷头设计科学，能够轻松清洁牙齿的每个角落。\n\n我最喜欢它的智能计时功能，每30秒会提醒换区，确保每颗牙齿都得到充分清洁。五种清洁模式很实用，可以根据不同需求选择。压力感应功能很贴心，用力过猛时会自动降低震动强度。\n\n电池续航能力出色，充一次电可以使用近三周。充电底座设计简洁，放在洗漱台上不占地方。防水性能很好，全身可水洗，使用起来很放心。\n\n包装内附赠了多个刷头，足够使用一年。刷头更换提醒功能也很实用，确保始终保持最佳清洁效果。旅行盒设计精巧，携带方便。\n\n使用一个月后，我的牙医都称赞我的牙齿更干净了，牙龈出血问题也明显改善。虽然价格比普通牙刷贵很多，但对口腔健康的投资绝对是值得的。强烈推荐给注重口腔卫生的人士！,1,chatGPT,chinese
这款智能门锁大大提升了我的家居安全性和便利性！安装过程很简单，按照说明书半小时就完成了。支持多种开锁方式：指纹、密码、钥匙、手机APP和NFC卡，再也不用担心忘带钥匙了。\n\n指纹识别非常灵敏，几乎秒开，即使手指有点湿也能识别。密码功能很实用，可以设置临时密码给访客使用。手机APP可以远程查看开锁记录，随时掌握家门动态。\n\n锁体做工精良，材质坚固耐用，防撬设计让人很放心。电池续航不错，使用四个月才需要更换。电量低时会提前提醒，避免突然没电的尴尬。\n\n外观设计现代简约，与我家门很搭配。操作声音很轻，不会打扰家人休息。反锁功能很实用，出门一键就能锁好所有锁舌。\n\n使用三个月来，从未出现过故障，稳定性很好。客服响应迅速，有任何问题都能及时解决。\n\n虽然价格比传统门锁高，但带来的安全性和便利性绝对物超所值。强烈推荐给想要升级家居安全的朋友！,1,chatGPT,chinese
这款咖啡机让我在家就能享受专业级咖啡！操作界面直观简单，即使是咖啡新手也能轻松制作出美味的意式浓缩、美式、卡布奇诺等各种咖啡。蒸汽棒打奶泡效果很棒，可以制作出绵密的奶泡。\n\n加热速度快，从开机到准备好只需几分钟。水温控制精确，确保咖啡的最佳萃取效果。压力稳定，油脂crema丰富，口感堪比专业咖啡店。水箱容量适中，足够制作4-5杯咖啡。\n\n清洁维护很方便，大部分部件都可拆卸清洗。自动清洗程序很实用，节省了不少时间。外观设计优雅，不锈钢机身既美观又耐用，放在厨房很上档次。\n\n随机附赠的咖啡勺和压粉器质量很好，还配有详细的使用指南和食谱。我已经尝试了多种咖啡豆，每次都能得到满意的结果。\n\n虽然体积比滴滤式咖啡机大一些，但考虑到它的多功能性，这点空间占用完全可以接受。噪音在可接受范围内，不会太吵。\n\n这款咖啡机彻底满足了我对家庭咖啡的需求，每天都能享受咖啡店水准的饮品。虽然价格不菲，但对于咖啡爱好者来说绝对是值得的投资！,1,chatGPT,chinese
这款投影仪完全超出了我的预期！画质清晰，色彩鲜艳，即使在白天不拉窗帘的情况下也能看得清楚。亮度足够，对比度出色，看电影时暗部细节表现很好。\n\n内置音响效果令人惊喜，声音清晰有力，不需要外接音箱就能获得不错的观影体验。支持多种连接方式：HDMI、USB、WiFi和蓝牙，兼容性很好。操作系统流畅，内置的智能平台内容丰富，主流视频平台都能直接使用。\n\n自动对焦和梯形校正功能很实用，摆放位置灵活，不需要严格正对幕布。噪音控制得很好，观影时几乎听不到风扇声。机身小巧便携，出差时也能轻松携带。\n\n我最喜欢的是它的3D功能，配合主动式3D眼镜，效果堪比电影院。电池续航不错，可以支持一部完整电影的播放。充电速度也很快。\n\n包装精美，配件齐全，还附赠了便携包和3D眼镜。客服态度专业，有任何问题都能及时解答。\n\n虽然价格比普通电视贵一些，但带来的大屏体验和便携性绝对值得。强烈推荐给追求高品质家庭影院的用户！,1,chatGPT,chinese
这款厨师机彻底改变了我的烘焙体验！功率强劲，揉面团、打发奶油、搅拌馅料都非常轻松。7升大容量不锈钢碗完全满足家庭使用需求，一次可以揉1公斤以上的面团。\n\n配件丰富，包括打蛋器、揉面钩和搅拌桨，还附赠了榨汁器和绞肉配件。各种配件质量都很好，拆卸安装简单。十档速度调节很实用，可以根据不同食材选择合适的速度。\n\n工作时噪音在可接受范围内，比同类产品安静很多。机身稳固，高速运转时也不会移动。计时功能很贴心，可以设定工作时间自动停止。\n\n外观设计经典优雅，不锈钢材质既美观又耐用。清洁很方便，大部分部件都可以放入洗碗机。底座收纳设计很合理，节省了不少空间。\n\n我已经用它做了面包、蛋糕、饼干、面条等各种面食，效果都非常好。特别是揉面团，几分钟就能达到完美状态，比手工揉面省力多了。\n\n虽然价格不便宜，但考虑到它的品质和功能，绝对是烘焙爱好者的好帮手。强烈推荐给经常在家烘焙的朋友！,1,chatGPT,chinese
