text,label,model,source
这款手持吸尘器让我彻底告别了打扫的烦恼！吸力非常强劲，连地毯深处的宠物毛发都能轻松清除。重量适中，单手操作也不觉得累。电池续航表现优秀，标准模式下可以使用30分钟以上，足够完成全屋清洁。\n\n我最喜欢它的多功能设计，配备了好几种吸头，可以清洁地板、沙发缝隙、窗帘甚至键盘。LED显示屏很直观，能实时显示剩余电量和工作模式。集尘盒设计合理，一键倾倒灰尘非常方便，不会弄脏手。\n\n噪音控制得不错，比传统吸尘器安静很多，不会吓到宠物。过滤系统很高效，排出的空气很干净，对过敏人士很友好。充电速度快，两小时就能充满。\n\n外观设计现代简约，收纳支架节省空间，还能同时充电。配件质量都很好，特别是电动床褥吸头，除螨效果非常明显。\n\n使用一个月来，家里的灰尘明显减少，我的鼻炎症状也改善了很多。虽然价格比普通吸尘器高一些，但考虑到它的性能和便利性，绝对物超所值。强烈推荐给有宠物或有洁癖的家庭！,1,chatGPT,chinese
这款电压力锅是我厨房的新宠！操作非常简单，预设的多种烹饪模式很实用，从煮饭、炖汤到做酸奶都能一键完成。压力控制很精准，食物熟得快又入味，特别是炖肉，20分钟就能达到传统锅具2小时的效果。\n\n内胆质量非常好，不粘涂层效果出色，清洗起来特别方便。容量足够大，5升的规格完全能满足一家四口的需求。安全性能令人放心，有多重保护装置，使用时完全不用担心。\n\n我最欣赏它的节能效果，比传统烹饪方式省电很多。保温功能也很实用，食物可以保持适宜温度数小时。液晶显示屏清晰直观，操作时有提示音，老年人也能轻松使用。\n\n外观设计简洁大方，不锈钢外壳耐用又容易清洁。配件齐全，包括量杯、饭勺和蒸架，开箱就能立即使用。\n\n已经用它做了红烧肉、鸡汤、粥等各种料理，每次都很成功。家人说现在家里的饭菜比以前更香了。虽然价格不便宜，但绝对值得投资。强烈推荐给追求高效厨房的现代家庭！,1,chatGPT,chinese
这款4K运动相机彻底改变了我的旅行记录方式！画质惊人地清晰，色彩还原真实，即使在高速运动时也能拍摄稳定的画面。防水性能极佳，我已经带着它潜水到10米深，完全没问题。\n\n体积小巧轻便，可以轻松安装在头盔、自行车或背包上。电池续航不错，连续拍摄可以坚持90分钟，多备几块电池就能满足全天需求。触摸屏操作很灵敏，菜单设计直观，新手也能快速上手。\n\n我最喜欢它的语音控制功能，在运动时只需说话就能开始/停止录制，非常方便。配套的手机APP功能强大，可以实时预览画面和调整参数。夜间拍摄效果也不错，噪点控制得很好。\n\n包装内含多种安装配件，能满足各种场景需求。客服响应迅速，我有个关于固件升级的问题，他们很快就帮我解决了。\n\n已经用它记录了滑雪、冲浪、登山等多种活动，效果都堪比专业设备。虽然价格不菲，但对于户外运动爱好者来说绝对是值得的投资。强烈推荐给喜欢冒险的朋友！,1,chatGPT,chinese
这款颈部按摩仪简直是办公室一族的救星！设计符合人体工学，佩戴舒适，不会压迫颈椎。四种按摩模式都很实用，我最喜欢加热+敲击的组合，能有效缓解颈部僵硬。力度可以多档调节，从轻柔到深度按摩都能满足。\n\n使用非常方便，无线设计不受场地限制，充电一次可以使用一周（每天15分钟）。材质亲肤，夏天使用也不会觉得闷热。操作简单，一个按键就能切换模式，老年人也能轻松使用。\n\n我已经使用了两周，每天工作间隙按摩15分钟，颈部酸痛明显改善，睡眠质量也提高了。出差时携带也很方便，放在包里不占空间。\n\n外观时尚，看起来像高端耳机，在办公室使用也不会显得突兀。包装精美，附赠了充电线和收纳袋，送礼也很体面。\n\n虽然价格比普通按摩器高一些，但考虑到它的效果和便携性，绝对物有所值。我已经推荐给了好几个同事，他们试用后也都购买了。强烈推荐给长期伏案工作的人士！,1,chatGPT,chinese
这款破壁机让我的早餐变得营养又方便！功率非常强劲，连坚硬的坚果和冷冻水果都能打得细腻顺滑。噪音在可接受范围内，比传统搅拌机安静不少。自动清洗功能太实用了，加入清水就能自动清洁，省时省力。\n\n我最喜欢它的预约功能，晚上放好食材，早上就能喝到新鲜的热豆浆。加热均匀，不会糊底，做出来的饮品口感细腻无渣。容量适中，1.5升刚好适合2-3人家庭。\n\n配件质量很好，特别是附赠的研磨杯，可以打各种调料粉。操作界面简单直观，有安全锁设计，使用很放心。底座稳固，高速运转时也不会移动。\n\n已经尝试了豆浆、果汁、浓汤、婴儿辅食等多种食谱，每次都很成功。清洗比想象中容易，大部分部件都可以拆卸水洗。\n\n虽然体积比普通搅拌机大一些，但功能全面得多。价格虽然不便宜，但考虑到它替代了多个厨房电器，还是很划算的。强烈推荐给注重健康饮食的家庭！,1,chatGPT,chinese
这款智能马桶盖提升了我的生活品质！安装非常简单，半小时就完成了，不需要专业人员。即热式加热很给力，水温稳定，不会出现忽冷忽热的情况。坐垫加热太舒服了，特别是冬天，有三档温度可调。\n\n清洁功能很实用，水压和水温都可以多档调节，满足不同需求。喷头自清洁功能很卫生，使用前后都会自动清洁。暖风烘干效果不错，虽然我通常还是会用纸巾擦干。\n\n夜间柔光设计很贴心，晚上使用不会刺眼。遥控器操作简单，可以挂在墙上很方便。节能模式很智能，能自动识别使用频率调整加热策略。\n\n使用一个月来，个人卫生状况明显改善，家人也都爱上了这种体验。材质抗菌，容易清洁，没有卫生死角。\n\n虽然价格比普通马桶盖贵不少，但带来的舒适和卫生提升绝对值得。电费增加也不明显，大约每月多10元左右。强烈推荐给追求生活品质的家庭！,1,chatGPT,chinese
这款无人机让我的摄影爱好提升到了新高度！4K相机画质惊艳，三轴云台稳定性极佳，即使在风中也能拍摄稳定的画面。飞行控制非常精准，新手模式让第一次飞行也很安全。\n\n电池续航不错，一块电池可以飞行25分钟左右，我买了套装附带三块电池，完全满足外出拍摄需求。折叠设计很巧妙，收纳后体积小巧，方便携带。\n\n我最喜欢它的智能跟随功能，可以自动跟踪拍摄运动目标，骑行或跑步时拍摄特别方便。手机APP功能全面，可以规划飞行路线和实时查看画面。\n\n安全性设计很到位，有低电量自动返航、障碍物感应等功能。配件齐全，包括备用螺旋桨、充电器等，开箱就能飞行。\n\n已经用它拍摄了旅行风景、家庭聚会等多种场景，效果堪比专业设备。虽然需要注册和遵守相关法规，但操作过程并不复杂。\n\n价格虽然不菲，但对于摄影爱好者来说绝对值得投资。强烈推荐给想尝试航拍的朋友！,1,chatGPT,chinese
这款电子阅读器彻底改变了我的阅读习惯！墨水屏非常护眼，长时间阅读也不会疲劳，比平板电脑舒服多了。背光均匀可调，夜间阅读也很舒适。300ppi的分辨率让文字显示极其清晰，堪比纸质书。\n\n6英寸大小刚好，单手握住很舒适，重量轻得几乎感觉不到。电池续航惊人，充一次电可以使用数周。存储空间足够大，能装下上千本书籍。\n\n我最喜欢它的防水功能，洗澡或泡澡时也能安心阅读。触控反应灵敏，翻页几乎没有延迟。支持多种电子书格式，与各大电子书商城兼容。\n\n外观设计简约高级，手感细腻防滑。配套的保护套质量很好，磁吸设计开合方便。同步功能很实用，可以在手机和阅读器间无缝切换。\n\n使用三个月来，我的阅读量明显增加，眼睛也不再干涩。虽然价格比普通平板贵，但对爱书之人来说绝对值得投资。强烈推荐给所有喜欢阅读的朋友！,1,chatGPT,chinese
这款智能音箱已经成为我家不可或缺的一员！音质出乎意料的好，低音浑厚，高音清晰，完全能满足日常音乐欣赏需求。语音识别非常准确，即使在嘈杂环境中也能听懂指令。\n\n内置的智能助手功能强大，可以控制智能家居、查询天气、设定提醒等。我特别喜欢它的日程管理功能，早上会主动播报当天安排和新闻摘要。\n\n设计简约时尚，可以完美融入各种家居风格。顶部触控操作很直观，音量环设计巧妙。支持多种音乐平台，绑定账号后可以直接播放收藏歌单。\n\n与其他智能设备的兼容性很好，我已经用它控制了灯光、空调和电视。远场语音技术很先进，在房间任何位置都能唤醒它。\n\n隐私保护做得不错，有物理开关可以完全关闭麦克风。固件定期更新，功能不断丰富。\n\n虽然价格比普通音箱高，但考虑到它的智能功能和音质，性价比还是很高的。强烈推荐给想要打造智能家居的家庭！,1,chatGPT,chinese
这款多功能料理锅让我爱上了在家做饭！一锅多用，配备了深锅、煎盘和蒸格，可以煮火锅、煎牛排、蒸海鲜等。加热速度快，温度控制精准，不会出现局部过热的情况。\n\n我最喜欢它的无油烟设计，煎炸时几乎没有油烟，厨房保持干净。不粘涂层效果极佳，清洗起来特别轻松。容量适中，3-5人使用刚刚好，朋友聚会时特别实用。\n\n外观设计复古时尚，放在餐桌上也很美观。操作简单，旋钮调节温度很直观。安全性能好，有过热保护和防干烧功能。\n\n已经尝试了火锅、烧烤、蒸海鲜、煮粥等多种烹饪方式，每种都很成功。特别是章鱼烧烤模式，孩子们特别喜欢。\n\n虽然价格不便宜，但考虑到它替代了多个厨房电器，还是很划算的。清洁保养也很方便，大部分部件都可以拆卸水洗。\n\n强烈推荐给喜欢邀请朋友聚餐或想减少油烟的家庭。这绝对是我今年最满意的厨房投资！,1,chatGPT,chinese
