text,label,model,source
这款电动滑板车彻底改变了我的通勤方式！动力强劲，轻松应对15度的斜坡，最高时速可达25公里。电池续航优秀，满电状态下可以行驶30公里，完全满足我的日常通勤需求。轮胎是实心的，不用担心爆胎问题，减震效果也不错，过小坑洼很平稳。\n\n折叠设计非常巧妙，只需3秒就能完成折叠，放在办公室或家里都不占空间。LED显示屏清晰显示速度和电量，夜间骑行时前后灯都很亮，安全性有保障。刹车系统灵敏，双刹车设计让停车更安全。\n\n我已经使用两个月，每天往返10公里，节省了大量时间和交通费。虽然价格比普通自行车贵，但考虑到它的便利性和效率，绝对物超所值。强烈推荐给通勤距离在10公里内的都市上班族！,1,chatGPT,chinese
这款智能体脂秤给了我全新的健康管理体验！测量非常精准，可以监测体重、体脂率、肌肉量、骨量等十多项数据，与医院专业设备对比误差很小。APP界面直观，能生成详细的趋势图表和健康建议。\n\n我最喜欢它的多人识别功能，全家使用时会自动匹配对应成员的数据，隐私保护做得很好。材质坚固，最大承重150kg，表面防滑处理很安全。外观设计简约现代，放在浴室也很美观。\n\n使用三个月来，通过数据分析调整了饮食和运动计划，成功减重5公斤且肌肉量增加。无线连接稳定，数据同步及时。充电设计很人性化，充一次电可用半年。\n\n虽然价格比普通体重秤高，但对于关注健康管理的人来说绝对是值得的投资。强烈推荐给健身爱好者和需要控制体重的家庭！,1,chatGPT,chinese
这款蓝牙音箱的音质让我惊艳！双喇叭设计带来立体环绕音效，低音浑厚有力，高音清晰不刺耳。续航能力超强，中等音量下可以连续播放15小时，户外聚会完全够用。\n\n防水等级达到IPX7，下雨天或泳池边使用都毫无压力。蓝牙连接稳定，10米内不会断连，配对速度快。内置麦克风支持免提通话，效果清晰。\n\n外观设计时尚，有五种颜色可选，我选的军绿色很有质感。橡胶外壳防摔性能好，已经不小心摔过两次依然完好。操作按钮简洁明了，还支持语音助手唤醒。\n\n已经带着它去过野餐、露营和海滩，音质表现都令人满意。虽然价格比普通便携音箱高一些，但考虑到音质和耐用性，性价比还是很高的。强烈推荐给喜欢户外活动的音乐爱好者！,1,chatGPT,chinese
这款多功能早餐机让我的早晨变得高效又美味！三明治、华夫饼、煎蛋可以同时制作，7分钟就能完成营养早餐。不粘涂层效果极佳，完全不放油也不会粘锅，清洗特别方便。\n\n温度控制精准，有指示灯提示预热完成，不会出现烤焦或夹生的情况。封边效果很好，做出来的三明治馅料不会漏出。华夫饼格纹清晰，酥脆度刚好。\n\n安全性能优秀，有过热保护和防干烧功能，使用很放心。收纳方便，直立设计不占空间。已经尝试了各种创意早餐，孩子们特别喜欢水果夹心的华夫饼。\n\n虽然体积比单一功能产品大一些，但考虑到能同时完成多种料理，还是很节省空间的。强烈推荐给忙碌的上班族和有孩子的家庭，让早餐变得简单又有趣！,1,chatGPT,chinese
这款激光投影键盘太酷了！连接简单，蓝牙配对速度快，兼容iOS和Android设备。投影清晰，即使在光线较强的环境下也能看清按键。触控反应灵敏，输入体验接近实体键盘。\n\n内置电池续航不错，充满电可以使用8小时，Type-C充电很方便。体积小巧，只有口红大小，随身携带毫无压力。静音设计，在图书馆或会议室使用也不会打扰他人。\n\n我已经使用它配合手机和平板处理文档，输入效率明显提高。特别适合出差时临时办公，再也不用背着笨重的键盘了。防水设计很实用，不小心打翻饮料也不用担心。\n\n虽然需要适应期来习惯平面输入，但两天后就基本能达到实体键盘的输入速度。价格虽然不便宜，但对于经常移动办公的人来说绝对是神器。强烈推荐给商务人士和科技爱好者！,1,chatGPT,chinese
这款空气循环扇让我的夏天舒适多了！不同于传统风扇，它能产生螺旋状气流，让整个房间空气循环起来，降温效果更好却不会直吹不适。静音设计很棒，睡眠模式几乎听不到声音。\n\n遥控操作很方便，可以调节风速、模式和定时。8档风速选择，满足不同需求。仰俯角度可调，配合空调使用能快速均衡室温。\n\n节能效果显著，最大功率才25W，开整晚电费几乎可以忽略。外观设计简约现代，白色机身适合各种装修风格。组装简单，女生也能轻松完成。\n\n使用一个夏天后，明显感觉比普通风扇舒适，不会出现吹久了头痛的情况。虽然价格比普通风扇贵，但考虑到健康舒适和节能效果，绝对值得投资。强烈推荐给老人、小孩和对空调不适的人群！,1,chatGPT,chinese
这款智能药盒解决了我的服药提醒难题！可以设置最多4种药物的定时提醒，铃声清脆响亮，还会闪烁灯光，绝对不会错过。每个小格子独立计时，适合需要分时段服药的情况。\n\n密封性很好，放在包里不用担心药物洒出。容量适中，可以放入一周的药量。材质安全无毒，容易清洁。电池续航长达半年，不用频繁更换。\n\n我最喜欢它的便携设计，比手机还小巧，出差旅行也能随身携带。已经使用三个月，再也没出现过漏服或重复服药的情况。\n\n虽然价格比普通药盒贵不少，但对于需要长期服药的人来说，这份安心感绝对值得。强烈推荐给慢性病患者和需要照顾老人的家庭！,1,chatGPT,chinese
这款车载吸尘器让我的爱车保持整洁！吸力强劲，连座椅缝隙中的零食碎屑都能清理干净。无线设计使用方便，不受电源线限制，整车清洁无死角。\n\n配备多种吸头，可以清洁不同部位，特别是细长吸头对空调出风口特别有效。过滤系统很好，不会造成二次污染。电池续航足够完成一次整车清洁，充电也很快。\n\n体积小巧，放在后备箱不占空间。噪音控制得当，比家用吸尘器安静很多。已经使用它清理了多次洒落的咖啡粉和宠物毛发，效果令人满意。\n\n虽然吸力比不上大型吸尘器，但对于日常车内清洁完全够用。价格合理，考虑到专车专用的便利性，性价比很高。强烈推荐给有孩子的车主和养宠物的司机！,1,chatGPT,chinese
这款智能跳绳让我的健身更有趣！精准计数功能很实用，可以记录跳绳次数、时间和消耗卡路里。APP连接后能查看详细数据和分析，还有多种训练课程可选。\n\n轴承顺滑，跳绳时不会打结，速度可达每分钟200转。手柄防滑设计，即使出汗也不易脱手。绳长可调节，适合不同身高用户。\n\n我最喜欢它的无绳模式，在家锻炼时不会打扰楼下邻居，配合负重手柄同样能达到锻炼效果。已经坚持使用一个月，配合饮食成功减重3公斤。\n\n虽然价格比普通跳绳贵不少，但智能功能和训练指导让运动更科学有效。强烈推荐给想在家高效锻炼的减肥人士和健身爱好者！,1,chatGPT,chinese
这款便携式照片打印机让我的旅行回忆更生动！打印质量惊艳，色彩还原准确，细节保留完好，防水相纸可以保存数十年不褪色。连接手机很方便，APP功能丰富，可以编辑照片加滤镜和文字。\n\n体积小巧，比手机大不了多少，旅行携带毫无压力。充电设计很实用，充满电可以打印约30张照片。相纸更换简单，有多种尺寸和边框可选。\n\n我已经用它打印了多次旅行照片，即时分享给旅伴或做成手账都特别有意义。虽然单张打印成本比冲印店高，但考虑到即时性和便携性，还是很值得的。\n\n强烈推荐给喜欢拍照记录生活的人，让美好回忆不再只存在于手机里！,1,chatGPT,chinese
