text,label,model,source
"Этот умный чайник превзошел все мои ожидания. Автоматическое отключение после закипания работает безупречно, а функция поддержания температуры позволяет всегда иметь под рукой горячую воду для чая. Объем 1.7 литра идеален для семьи из 4 человек. Особенно порадовала скорость нагрева - всего 3 минуты до 100 градусов. Корпус из нержавеющей стали выглядит стильно и легко моется. Единственный недостаток - шум при кипячении, но это характерно для всех электрочайников. Подсветка уровня воды очень удобна, особенно вечером. Ручка не нагревается, что делает использование безопасным. Чайник однозначно стоит своих денег и станет отличным помощником на любой кухне. Рекомендую всем, кто ценит качество и удобство в бытовой технике.",1,chatGPT,russian
"Данный беспроводной пылесос стал для меня настоящим открытием. Мощность всасывания 150 аВт позволяет легко убирать даже шерсть домашних животных. Автономной работы на максимальном режиме хватает на 25 минут, что достаточно для уборки 3-комнатной квартиры. Фильтрационная система отлично справляется с пылью и аллергенами. Особенно удобна складная конструкция - пылесос занимает минимум места при хранении. Зарядка занимает около 4 часов, что несколько долговато. В комплекте идут 3 насадки для разных типов уборки. Качество сборки на высоте - никаких скрипов и люфтов после полугода использования. Единственное, что смущает - довольно громкий звук работы на максимальной мощности. В целом - отличный вариант для ежедневной уборки.",1,chatGPT,russian
"Эти беспроводные наушники стали моими верными спутниками в повседневной жизни. Звук с глубокими басами и четкими высокими частотами превосходит многие более дорогие модели. Автономность в 8 часов при полной зарядке соответствует заявленной. Удобная форма амбушюров позволяет носить наушники часами без дискомфорта. Функция активного шумоподавления действительно работает, особенно в метро и самолете. Сенсорное управление иногда срабатывает случайно при регулировке положения наушников. Bluetooth соединение стабильное, хотя на расстоянии более 10 метров начинаются помехи. Чехол для зарядки компактный и стильный. После 4 месяцев активного использования никаких нареканий к качеству нет. Рекомендую всем, кто ищет качественные беспроводные наушники по разумной цене.",1,chatGPT,russian
"Данная мультиварка стала настоящей находкой для нашей семьи. 15 автоматических программ позволяют легко приготовить любое блюдо - от супов до выпечки. Объем 5 литров идеален для семьи из 4-5 человек. Антипригарное покрытие чаши действительно работает - ничего не пригорает даже без масла. Особенно порадовала функция отложенного старта - утром просыпаешься к аромату свежеприготовленной каши. Управление интуитивно понятное, хотя кнопки могли бы быть чуть крупнее. Чистка мультиварки не составляет труда - все разбирается и моется за пару минут. Единственный минус - довольно длинный шнур питания, который неудобно убирать. За 3 месяца использования устройство ни разу не подвело. Отличное сочетание цены и качества!",1,chatGPT,russian
"Этот фитнес-браслет превзошел все мои ожидания. Точность измерения пульса и шагов соответствует медицинским приборам. Автономности в 10 дней хватает с запасом даже при активном использовании всех функций. Водонепроницаемость IP68 позволяет не снимать устройство в бассейне. Удобное приложение с подробной статистикой тренировок помогает отслеживать прогресс. Экран достаточно яркий для чтения на солнце, хотя в ярком свете углы обзора могли бы быть лучше. Ремешок из гипоаллергенного материала не вызывает раздражения даже при постоянном ношении. Особенно порадовала функция напоминания о движении - очень актуально при сидячей работе. За 2 месяца использования нареканий нет - отличный гаджет для контроля здоровья и активности.",1,chatGPT,russian
"Данная кофеварка капельного типа стала отличным приобретением для нашего офиса. Вместимость 1.2 литра позволяет приготовить кофе для 6-8 человек за один цикл. Функция поддержания температуры сохраняет кофе горячим до 2 часов. Антикапельная система действительно работает - можно наливать кофе, не дожидаясь окончания процесса приготовления. Съемный фильтр и резервуар для воды упрощают очистку. Особенно порадовал угольный фильтр для воды - вкус кофе стал заметно лучше. Единственный недостаток - довольно громкое бульканье во время работы. Качество сборки на высоте - за 4 месяца ежедневного использования никаких поломок. Отличный вариант для тех, кто ценит простоту и надежность в кофейных аппаратах.",1,chatGPT,russian
"Этот электрический гриль стал настоящим спасением для любителей здорового питания. Двойные антипригарные панели позволяют готовить без масла, сохраняя сочность продуктов. Регулировка температуры от 180 до 250 градусов дает возможность готовить любые блюда - от овощей до стейков. Особенно порадовала функция пароварки - можно одновременно готовить гарнир и мясо. Поддон для сбора жира легко снимается и моется в посудомоечной машине. Индикатор нагрева позволяет точно контролировать процесс готовки. Единственный минус - шнур питания мог бы быть длиннее. За 3 месяца использования гриль ни разу не подвел - никаких подгоревших блюд или других проблем. Отличное приобретение для тех, кто следит за питанием, но не хочет тратить много времени на готовку.",1,chatGPT,russian
"Данный проектор для домашнего кинотеатра превзошел все мои ожидания. Яркость 5000 люменов позволяет смотреть фильмы даже при дневном свете. Разрешение Full HD с хорошей цветопередачей создает эффект присутствия в кинотеатре. Встроенные стереодинамики обеспечивают достойный звук, хотя для полного погружения лучше подключить внешнюю акустику. Особенно порадовала функция корректировки трапеции - можно установить проектор под углом без искажений изображения. Система охлаждения работает тихо - не мешает просмотру. Единственный недостаток - довольно громоздкий пульт управления. За 2 месяца использования никаких нареканий - отличное качество изображения, простота настройки и надежность. Рекомендую всем киноманам!",1,chatGPT,russian
"Этот робот-пылесос стал настоящим помощником в нашем доме. Навигация по датчикам действительно работает - пылесос не застревает и не падает с лестницы. Автономности хватает на уборку 80 квадратных метров без подзарядки. Особенно порадовала функция влажной уборки - полы становятся действительно чистыми. Приложение удобное и информативное, хотя иногда соединение с пылесосом прерывается. Фильтр HEPA отлично справляется с пылью и аллергенами. Единственный недостаток - довольно громкая работа в режиме максимальной мощности. За 3 месяца использования пылесос ни разу не подвел - ежедневно делает свою работу без напоминаний. Отличное приобретение для поддержания чистоты без лишних усилий.",1,chatGPT,russian
"Данная электронная книга стала моим постоянным спутником в поездках. Экран E Ink Carta действительно не утомляет глаза даже при длительном чтении. Автономности в 3 недели хватает с запасом при ежедневном использовании. Подсветка равномерная и регулируемая - можно читать в любых условиях. Особенно порадовала поддержка множества форматов - никаких проблем с загрузкой книг. Чехол в комплекте удобный и защищает устройство от повреждений. Единственный недостаток - немного тугие кнопки перелистывания страниц. За 4 месяца использования никаких нареканий - ни одного зависания или других проблем. Отличный выбор для тех, кто много читает и ценит комфорт для глаз.",1,chatGPT,russian
