text,label,model,source
"Этот кухонный комбайн стал настоящим открытием для моей кухни. Мощность 1000 Вт легко справляется даже с самыми твердыми продуктами. В комплекте 6 насадок позволяют резать, тереть, замешивать тесто и даже делать фреш. Особенно порадовала насадка для нарезки кубиками - идеально ровные ломтики каждый раз. Чаша объемом 3.5 литра достаточно вместительная для семьи из 4-5 человек. Шум при работе умеренный, хотя на максимальных оборотах все же громковато. Управление простое и интуитивно понятное. Единственный минус - пластиковые детали кажутся немного хрупкими. За 2 месяца ежедневного использования никаких поломок - качество сборки на высоте. Чистка не составляет труда, все разбирается без проблем. Рекомендую всем, кто много готовит и ценит свое время.",1,chatGPT,russian
Данный беспроводной динамик превзошел все мои ожидания. Звук с глубокими басами и четкими высокими частотами заполняет комнату площадью 25 кв.м. Автономность в 15 часов на средней громкости соответствует заявленной. Водонепроницаемость IPX7 позволяет брать его на пляж или у бассейна без опасений. Bluetooth соединение стабильное на расстоянии до 15 метров. Особенно порадовала функция парного подключения - можно синхронизировать два динамика для стереозвука. Корпус из прорезиненного пластика приятен на ощупь и защищает от ударов. Единственный недостаток - довольно тяжелый (1.2 кг). За 3 месяца использования никаких нареканий - отличный звук и надежность. Идеальный выбор для вечеринок и выездов на природу.,1,chatGPT,russian
"Эта электрическая зубная щетка кардинально изменила мою гигиену полости рта. 31 000 колебаний в минуту обеспечивают профессиональную чистку. 5 режимов работы позволяют подобрать оптимальный вариант для чувствительных зубов или отбеливания. Автономности хватает на 3 недели при использовании 2 раза в день. Индикатор износа щетинок очень удобен - не нужно гадать, когда менять насадку. Зарядное устройство компактное и надежное. Особенно порадовал таймер с интервальной сигнализацией - помогает соблюдать рекомендованное время чистки. Единственный минус - дорогие оригинальные насадки. За 4 месяца использования заметно улучшилось состояние десен и уменьшился зубной налет. Отличная инвестиция в здоровье!",1,chatGPT,russian
Данный увлажнитель воздуха стал спасением в отопительный сезон. Площадь покрытия 40 кв.м идеальна для средней комнаты. Ультразвуковая технология работает практически бесшумно - не мешает спать. Резервуар на 5 литров обеспечивает работу до 16 часов. Особенно порадовала функция теплого пара - быстро поднимает влажность в помещении. Гигростат поддерживает заданный уровень влажности автоматически. Уход простой - достаточно промывать раз в неделю. Единственный недостаток - немного маркий белый корпус. За 2 месяца использования заметно улучшился микроклимат в спальне - исчезла сухость кожи по утрам. Отличное решение для создания комфортного климата в доме.,1,chatGPT,russian
"Этот компактный принтер для фото стал отличным приобретением. Качество печати 300 dpi позволяет получать снимки, не уступающие лабораторным. Подключение по Bluetooth работает стабильно с расстояния до 10 метров. Особенно порадовала система подачи чернил - никаких подтеков и пятен. Печать одной фотографии занимает около 50 секунд - вполне приемлемо для домашнего использования. Аккумулятора хватает на 30-35 снимков без подзарядки. Единственный минус - дорогие оригинальные картриджи. За 3 месяца использования напечатал более 100 фото - качество стабильно высокое. Отличный вариант для мгновенной печати смартфонных снимков и создания фотоальбомов.",1,chatGPT,russian
"Данная электробритва превзошла все мои ожидания. 5 плавающих ножей обеспечивают идеально гладкое бритье без раздражения. Сухое и влажное использование делает ее универсальной для любых условий. Автономности хватает на 2 недели ежедневного использования. Индикатор заряда очень удобен - всегда видно, когда нужно подзарядить. Особенно порадовала система самозаточки ножей - уже 6 месяцев пользуюсь без замены. Чистка простая - достаточно промыть под проточной водой. Единственный недостаток - немного громкая работа. По сравнению с предыдущими моделями других брендов - это лучшая бритва, что у меня была. Рекомендую всем, кто ценит качественное и комфортное бритье.",1,chatGPT,russian
"Этот массажер для шеи и плеч стал настоящим спасением после рабочего дня. 8 массажных узлов с подогревом отлично разминают напряженные мышцы. 3 режима интенсивности позволяют подобрать оптимальное воздействие. Автономности хватает на 4-5 сеансов по 15 минут. Особенно порадовала функция подогрева - тепло усиливает расслабляющий эффект. Чехол из экокожи приятен на ощупь и легко чистится. Единственный минус - немного громковат при максимальной интенсивности. За 2 месяца регулярного использования заметно уменьшились боли в шее и плечах. Отличное решение для тех, кто много работает за компьютером или испытывает стресс.",1,chatGPT,russian
Данный стабилизатор для видеосъемки стал незаменимым помощником в моем творчестве. 3-осевая стабилизация действительно работает - видео получается плавным даже при беге. Аккумулятора хватает на 8-10 часов непрерывной работы. Особенно порадовала система следования за объектом - идеально для съемки движущихся сцен. Совместимость со смартфонами разных размеров (до 6.5 дюймов). Управление простое и интуитивно понятное. Единственный недостаток - кнопки могли бы быть более тактильными. За 3 месяца использования снял несколько мероприятий - результат превосходит ожидания. Отличный выбор для начинающих и опытных видеографов.,1,chatGPT,russian
Этот электрический гриль для панини стал хитом наших семейных завтраков. Рабочая поверхность 25x15 см позволяет готовить 2 бутерброда одновременно. Антипригарное покрытие действительно работает - ничего не прилипает. Температура регулируется от 180 до 250 градусов - можно поджаривать хлеб или готовить мясо. Особенно порадовала функция блокировки - безопасно для детей. Чистка простая - достаточно протереть влажной тряпочкой. Единственный минус - шнур питания мог бы быть длиннее. За 4 месяца использования приготовили десятки вкусных завтраков - качество стабильно высокое. Отличное приобретение для любителей хрустящих бутербродов с начинкой.,1,chatGPT,russian
Данный проектор для слайдов стал отличным инструментом для моей преподавательской работы. Яркость 4000 люменов позволяет использовать его даже в освещенных аудиториях. Фокусное расстояние от 1.5 метров делает его универсальным для разных помещений. Особенно порадовала функция коррекции трапеции - можно устанавливать под углом без искажений. Вентилятор работает тихо - не мешает во время лекций. Совместимость с USB-носителями упрощает подготовку материалов. Единственный недостаток - довольно громоздкий пульт управления. За 2 месяца активного использования никаких нареканий - надежный и качественный аппарат. Отличный выбор для образовательных целей и бизнес-презентаций.,1,chatGPT,russian
