text,label,model,source
Этот робот-пылесос с функцией мытья полов стал настоящим спасением для нашей семьи. Навигация по лидар-датчику позволяет ему идеально выстраивать маршрут уборки без пропусков. Особенно впечатлила функция точной картографии - можно задавать запретные зоны в приложении. Влажная уборка действительно эффективна - полы остаются чистыми без разводов. Емкости для воды хватает на 70 кв.м. Шум минимальный - не мешает даже во время сна. Автономности хватает на уборку 3-комнатной квартиры. Единственный недостаток - долгая зарядка (около 4 часов). За 2 месяца использования заметно сократилось количество пыли в доме. Чистка и обслуживание простые - достаточно промывать контейнер раз в 3-4 уборки. Отличное сочетание цены и функциональности!,1,chatGPT,russian
Данная кофемашина капучино полностью изменила мое утро. Автоматическая система приготовления позволяет одним нажатием получить идеальный капучино с плотной молочной пеной. Давление 15 бар обеспечивает насыщенный вкус кофе. Особенно порадовала функция памяти - можно сохранить до 5 индивидуальных рецептов. Подогрев чашек - приятный бонус. Чистка и декальцинация автоматизированы - аппарат сам напоминает о необходимости обслуживания. Единственный минус - довольно громкая работа помпы. За 3 месяца ежедневного использования - ни единой поломки. Качество кофе не уступает кофейням премиум-класса. Отличная инвестиция для истинных кофеманов!,1,chatGPT,russian
"Этот профессиональный миксер превзошел все мои ожидания. Мощность 1200 Вт легко справляется даже с самым плотным тестом. 10 скоростей с плавной регулировкой позволяют подобрать идеальный режим для любых задач. Особенно впечатлила насадка для замешивания теста - справляется с 2 кг муки без перегрева. Наклонная конструкция чаши делает добавление ингредиентов очень удобным. Шум умеренный для такой мощности. Единственный недостаток - довольно массивный (5.7 кг). За 4 месяца интенсивного использования (я пекарь-любитель) - никаких нареканий. Качество сборки на высшем уровне. Рекомендую всем, кто серьезно увлекается выпечкой!",1,chatGPT,russian
"Данный 3D-принтер стал отличным инструментом для моего хобби. Область печати 220x220x250 мм позволяет создавать достаточно крупные модели. Точность печати 0.05 мм обеспечивает высокую детализацию. Особенно порадовала функция автоматической калибровки стола - экономит массу времени. Подогреваемый стол предотвращает деформацию деталей. Совместимость с разными типами пластика (PLA, ABS, PETG) расширяет возможности. Единственный минус - довольно долгая сборка (около 2 часов). За 3 месяца напечатал более 50 моделей - качество стабильно высокое. Отличный выбор для начинающих и продвинутых моделистов!",1,chatGPT,russian
"Этот ультразвуковой увлажнитель воздуха стал лучшим приобретением этой зимы. Площадь покрытия 50 кв.м идеальна для гостиной. Особенно впечатлил встроенный гигростат - автоматически поддерживает заданный уровень влажности. Ночной режим работает практически бесшумно (менее 25 дБ). Емкости 6 литров хватает на 24 часа непрерывной работы. Аромакапсула - приятный бонус для ароматерапии. УФ-лампа обеззараживает воду. Единственный недостаток - подсветку нельзя полностью отключить. За 2 месяца использования заметно улучшился микроклимат - исчезла сухость кожи, легче дышать. Простое управление и легкая очистка. Отлично справляется со своей задачей!",1,chatGPT,russian
"Данная индукционная варочная панель полностью изменила процесс готовки. 4 конфорки с индивидуальным сенсорным управлением обеспечивают точный контроль температуры. Особенно порадовала функция Booster - вода закипает в 2 раза быстрее. Распознавание посуды работает идеально - включается только при наличии подходящей кастрюли. Защита от детей - полезная функция для семей. Легко чистится - достаточно протереть влажной тряпкой. Единственный минус - при работе на максимальной мощности немного гудит. За 4 месяца ежедневного использования - ни единого сбоя. Экономит время и электроэнергию. Рекомендую всем, кто ценит современные технологии на кухне!",1,chatGPT,russian
Этот профессиональный фен для волос стал настоящим открытием. Ионная технология действительно работает - волосы меньше пушатся и быстрее сушатся. 3 скорости и 2 температурных режима позволяют подобрать идеальные настройки. Особенно впечатлила керамическая насадка - распределяет тепло равномерно. Мощность 2200 Вт сокращает время сушки вдвое. Шум умеренный для такой мощности. Эргономичная ручка не утомляет при длительном использовании. Единственный недостаток - довольно тяжелый (900 г). За 3 месяца использования заметно улучшилось состояние волос - меньше секущихся кончиков. Качество сборки на высоте. Отличный выбор для домашнего использования и профессионалов!,1,chatGPT,russian
Данный электрический мангал стал хитом наших выездов на природу. Мощность 2000 Вт позволяет равномерно прожаривать мясо без открытого огня. 5 уровней нагрева дают полный контроль над процессом. Особенно порадовал съемный поддон для жира - легко чистится. Работает от обычной розетки 220В - не нужно возиться с углями. Компактные размеры (45x30 см) удобны для транспортировки. Единственный минус - не подходит для очень больших компаний. За летний сезон использовали более 20 раз - качество приготовления мяса превосходное. Отличная альтернатива традиционному мангалу!,1,chatGPT,russian
Этот проектор для домашнего кинотеатра превзошел все ожидания. Разрешение 4K HDR обеспечивает потрясающую детализацию изображения. Яркость 3000 ANSI люмен позволяет смотреть даже при дневном свете. Особенно впечатлила система коррекции трапеции - можно устанавливать под любым углом. Встроенные динамики 20W дают достойный звук. Подключение по Wi-Fi и Bluetooth расширяет возможности. Единственный недостаток - довольно громоздкий (4.5 кг). За 2 месяца просмотра фильмов и игр - ни единого нарекания. Качество картинки сопоставимо с дорогими телевизорами. Отличное решение для создания кинотеатра дома!,1,chatGPT,russian
Данная массажная накидка на кресло стала лучшим подарком для моей спины. 8 массажных узлов с функцией подогрева идеально разминают шею и плечи. 5 автоматических программ позволяют подобрать оптимальный режим. Особенно порадовала функция памяти - запоминает любимые настройки. Работает от USB - можно подключить к power bank. Чехол из экокожи легко чистится. Единственный минус - немного коротковат шнур питания. За 3 месяца регулярного использования заметно уменьшились боли в спине от сидячей работы. Качество сборки на высоте. Отличное решение для домашнего релакса!,1,chatGPT,russian
