text,label,model,source
"Я купил эту кофеварку три недели назад и уже могу сказать, что это одно из лучших моих приобретений за последние годы. Автоматическая настройка помола позволяет получать идеальный кофе каждый раз. Единственный минус — она немного шумная, но это компенсируется качеством напитка. Очистка тоже простая, все детали легко снимаются. Если вы любите кофе, как я, то эта модель станет отличным выбором. Упаковка пришла без повреждений, доставка заняла всего два дня. Рекомендую!",1,chatGPT,russian
"Этот беспроводной наушники превзошли все мои ожидания. Звук кристально чистый, басы глубокие, а шумоподавление работает на удивление хорошо. Я использую их в метро и почти не слышу окружающего шума. Батареи хватает на 6-7 часов непрерывного прослушивания. Минус только один — они немного давят на уши после долгого ношения. Но за эту цену — это отличный вариант. Доставка была быстрой, продавец ответил на все вопросы. Советую!",1,chatGPT,russian
"Заказал этот рюкзак для походов и остался доволен. Материал прочный, водонепроницаемый, а внутренние карманы удобно организованы. Носил его под дождем — ничего не промокло. Лямки мягкие, не натирают плечи даже при полной загрузке. Единственное, что смущает — цена немного завышена по сравнению с аналогами. Но качество оправдывает затраты. Доставили вовремя, упаковка целая. Рекомендую для путешественников!",1,chatGPT,russian
"Купила эту электрическую зубную щетку после долгих сравнений моделей. Результат впечатляет: зубы стали заметно белее уже через две недели использования. Таймер помогает чистить зубы положенные две минуты, а сменные насадки удобно хранятся в футляре. Минус — батарея держит не так долго, как хотелось бы. Но заряжается быстро. Доставка заняла три дня, все пришло в идеальном состоянии. Теперь это мой must-have для гигиены!",1,chatGPT,russian
"Этот кухонный комбайн стал настоящим спасением для моей семьи. Он легко справляется с нарезкой овощей, замесом теста и даже колкой льда. Мощность на высоте, а очистка занимает пару минут. Единственный недостаток — он довольно громкий. Но для такого функционала это простительно. Заказал с доставкой на следующий день — привезли вовремя. Уже порекомендовал друзьям! Если вы часто готовите, этот прибор сэкономит вам массу времени.",1,chatGPT,russian
"Планшет приобретался для работы, и он полностью оправдал ожидания. Экран яркий, процессор справляется с несколькими приложениями одновременно, а батареи хватает на целый день. Из минусов — камера среднего качества, но для видео-звонков ее хватает. Оперативная память в 4 ГБ позволяет комфортно работать без лагов. Доставка быстрая, продавец надежный. Если вам нужен недорогой, но производительный планшет — этот вариант идеален.",1,chatGPT,russian
"Эти беговые кроссовки оказались очень удобными. Подошва амортизирует хорошо, нога не устает даже после длительных пробежек. Дизайн стильный, материал дышащий. Однако, после дождя подошва немного скользит. Заказывал на размер больше, как советовали в отзывах — размер соответствует. Доставили за два дня, упаковка не повреждена. Рекомендую для любителей бега и активного образа жизни!",1,chatGPT,russian
"Данный power bank купил для поездок, и он превзошел ожидания. Заряжает мой телефон три раза полностью, корпус прочный, а вес приемлемый. Единственный минус — нет быстрой зарядки, но для этой цены это нормально. Индикатор заряда точный, кабель в комплекте. Доставка заняла три дня, продавец ответственный. Если вам нужен надежный power bank за разумные деньги — это отличный выбор!",1,chatGPT,russian
"Этот набор кастрюль стал отличным приобретением для моей кухни. Материал качественный, нагревается равномерно, а ручки не нагреваются. Мыть легко, даже пригоревшая еда отходит без проблем. Дизайн современный, подходит под любой интерьер. Единственное, крышки немного люфтят, но это не критично. Доставили быстро, упаковка целая. Теперь готовить стало еще приятнее! Рекомендую хозяйкам.",1,chatGPT,russian
"Книга пришла в идеальном состоянии, переплет твердый, страницы плотные. Сюжет захватывающий, читается на одном дыхании. Переводчик поработал отлично — язык живой, без странных оборотов. Единственный минус — шрифт немного мелковат, но это не портит впечатление. Доставка заняла четыре дня, упаковка защитная. Если любите фэнтези с глубоким миром — эта книга для вас. Уже заказал следующую часть!",1,chatGPT,russian
