text,label,model,source
"Этот кухонный комбайн стал настоящим помощником в моей повседневной готовке. Сначала я сомневался, стоит ли его покупать, но теперь не представляю, как обходился без него. Он оснащён шестью насадками: тёркой для овощей, диском для нарезки кубиками, ножом для теста, венчиком для взбивания, шинковкой и даже соковыжималкой для цитрусовых. Мощность двигателя 1000 Вт позволяет легко справляться даже с твёрдыми продуктами вроде моркови или льда. Чаша объёмом 4 литра – идеальный размер для семьи из четырёх человек. Очистка тоже не проблема – все детали можно мыть в посудомоечной машине. Из минусов – при работе на максимальной скорости комбайн немного шумит, но это компенсируется его эффективностью. За последний месяц я использовал его для приготовления салатов, теста для пирогов и даже домашнего майонеза – всё получается идеально. Если вы любите готовить и цените своё время, этот комбайн станет для вас отличным вложением. Дизайн современный, материалы качественные – чувствуется, что производитель думал об удобстве пользователя.",1,chatGPT,russian
"Я приобрёл эту кофеварку капельного типа после долгих сравнений с другими моделями и ни разу не пожалел. Главное преимущество – это возможность приготовить до 12 чашек кофе за один раз, что идеально подходит для утренних сборов всей семьи. Фильтр с угольным покрытием устраняет любые посторонние привкусы из воды, а функция «паузы» позволяет налить чашку, не дожидаясь окончания процесса. Таймер приготовления можно настроить с вечера – к пробуждению вас будет ждать ароматный свежесваренный кофе. Подогревающая плита поддерживает температуру напитка в течение 40 минут, после чего автоматически отключается. Из недостатков – резервуар для воды немного неудобно заполнять из-за узкого горлышка, но к этому быстро привыкаешь. За месяц использования кофеварка ни разу не подвела: нет протечек, накипи (благодаря встроенному фильтру) или других проблем. Если вы цените стабильность и простоту, эта модель – отличный выбор. Кстати, шум во время работы минимальный – не громче обычного чайника.",1,chatGPT,russian
"Электрическая мясорубка превзошла все мои ожидания. Я часто готовлю фарш дома, и ручные модели всегда казались мне слишком медленными и неэффективными. Эта же справляется с килограммом мяса всего за 3-4 минуты! Мощность 1800 Вт позволяет перемалывать даже жилистую говядину без перегрева. В комплекте идёт три решётки (для мелкого, среднего и крупного помола), а также насадка для колбасок и кеббе. Все детали выполнены из нержавеющей стали – никакого постороннего запаха или коррозии. Очистка упрощена благодаря разборной конструкции – никаких труднодоступных мест, где мог бы застрять фарш. Из минусов – вес устройства (почти 5 кг), но это плата за устойчивость во время работы. За два месяца активного использования мясорубка ни разу не заклинила, не перегрелась и не снизила производительность. Если вы, как и я, не доверяете магазинному фаршу и любите контролировать состав своих блюд, эта модель станет вашим незаменимым помощником. Кстати, уровень шума вполне приемлемый – гораздо тише, чем у большинства бюджетных аналогов.",1,chatGPT,russian
"Беспроводной пылесос для уборки автомобиля оказался крайне полезным приобретением. Его компактный размер позволяет легко чистить салон, включая труднодоступные места между сиденьями и под педалями. Мощность всасывания впечатляет – он справляется даже с песком и крошками, застрявшими в ковриках. Зарядки хватает на 25-30 минут непрерывной работы, что более чем достаточно для стандартной уборки. В комплекте идёт три насадки: щелевая для узких мест, мягкая кисть для приборной панели и основной валик для пола. Фильтр можно мыть и использовать повторно – никаких дополнительных расходов. Из недостатков – небольшой контейнер для мусора (0.4 литра), но его легко опорожнять после каждой уборки. За три недели использования пылесос доказал свою эффективность: салон машины теперь выглядит как новый, а процесс уборки занимает втрое меньше времени. Если вы хотите поддерживать чистоту в автомобиле без лишних хлопот, рекомендую эту модель. Кстати, её можно использовать и для небольших домашних задач – например, чистки дивана или лестницы.",1,chatGPT,russian
"Цифровые кухонные весы стали для меня настоящим открытием. Точность измерения до 1 грамма позволяет с лёгкостью следовать даже самым сложным рецептам. Платформа выполнена из нержавеющей стали – её легко мыть, и она не впитывает запахи. Максимальный вес – 5 кг, чего хватает для большинства кулинарных задач. Функция «тара» (обнуление веса) особенно полезна при работе с несколькими ингредиентами. Дисплей крупный, с подсветкой – цифры отлично видны даже при слабом освещении. Автоматическое отключение через 2 минуты экономит батарейку. Из минусов – кнопки немного тугие, но к этому быстро привыкаешь. За месяц использования весы ни разу не подвели: нет погрешностей, батарейка (идущая в комплекте) до сих пор не села. Если вы серьёзно относитесь к готовке или следите за питанием, эти весы значительно упростят ваш процесс. Кстати, они отлично подходят и для взвешивания почтовых отправлений – я несколько раз использовал их именно для этой цели.",1,chatGPT,russian
"Электрическая плитка с керамической поверхностью идеально подошла для моей дачи. Она быстро нагревается (до максимальной температуры за 3 минуты), а регулировка мощности позволяет точно контролировать процесс готовки. Поверхность легко чистится – даже пригоревшие пятна удаляются без усилий. Дизайн компактный, не занимает много места на столе. Встроенный термостат предотвращает перегрев, что важно для безопасности. Из недостатков – отсутствие индикатора остаточного тепла, но к этому быстро привыкаешь. За летний сезон плитка использовалась почти ежедневно: для варки супов, тушения овощей и даже выпечки оладий. Никаких поломок или снижения эффективности. Если вам нужно надёжное и простое решение для дополнительной кухонной поверхности, эта модель – отличный выбор. Кстати, она потребляет меньше электроэнергии, чем я ожидал – счёт за свет увеличился незначительно.",1,chatGPT,russian
"Проектор для домашнего кинотеатра превзошёл все мои ожидания. Разрешение Full HD с яркостью 3000 люмен обеспечивает чёткое изображение даже при дневном свете (с затемнёнными шторами). Встроенные динамики дают объёмный звук, хотя для полного эффекта я подключил внешнюю акустику. Поддержка Wi-Fi и Android TV позволяет транслировать контент без дополнительных устройств. Фокусировка и коррекция трапеции настраиваются за секунды. Из минусов – шум вентилятора заметен в тихих сценах, но его перекрывает звук фильма. За месяц просмотров проектор не перегревался, картинка остаётся стабильной даже после 4 часов работы. Если вы мечтаете о кинотеатре дома, но не готовы к огромным телевизорам, этот вариант – идеальный компромисс. Кстати, он отлично подходит и для игр – задержка ввода минимальна.",1,chatGPT,russian
"Умная лампочка с поддержкой RGB-подсветки добавила уюта в мою спальню. Управление через приложение позволяет выбирать из 16 миллионов оттенков и создавать собственные сценарии освещения. Яркость регулируется плавно – от мягкого ночника до полноценного основного света. Таймеры включают лампу утром, имитируя рассвет, или выключают её, если я засыпаю. Совместимость с Google Assistant и Alexa – голосовые команды работают без задержек. Из недостатков – иногда приложение теряет соединение, но перезагрузка решает проблему. За два месяца использования лампочка ни разу не зависла, цвета остаются насыщенными. Если вы хотите преобразить интерьер без ремонта, эта модель – отличное начало. Кстати, она экономит электроэнергию – счёт за свет уменьшился на 15%.",1,chatGPT,russian
"Беспроводная колонка с водонепроницаемостью IPX7 стала моим спутником в поездках на природу. Звук мощный, с глубокими басами – на пляже или в лесу её слышно отлично. Автономность – 12 часов при средней громкости, чего хватает на целый день. Корпус выдерживает падения с метровой высоты и погружение в воду на 30 минут. Встроенный микрофон позволяет принимать звонки, а функция «пары» соединяет две колонки для стереозвука. Из минусов – вес (800 г), но это плата за качество. За лето колонка побывала в дождь, песок и даже упала в реку – работает как новая. Если вам нужна неубиваемая аудиосистема для активного отдыха, рекомендую эту модель. Кстати, она отлично звучит и дома – басы не «гуляют» даже на максималках.",1,chatGPT,russian
"Электрическая зубная щётка с ультразвуковой технологией стала моим спасением после визита к стоматологу. 31 тысяча колебаний в минуту бережно удаляют налёт даже в труднодоступных местах. Таймер на 2 минуты разделён на 4 зоны – так я уверен, что уделяю внимание всем участкам. Датчик давления предупреждает, если я слишком сильно нажимаю на зубы. Зарядки хватает на 3 недели – удобно для путешествий. В комплекте 3 насадки, включая отбеливающую. Из минусов – цена сменных насадок, но их хватает надолго. Через месяц использования зубы стали заметно белее, а дёсны перестали кровоточить. Если вы готовы инвестировать в здоровье полости рта, эта щётка – отличный выбор. Кстати, приложение показывает прогресс – мотивирует чистить зубы тщательнее.",1,chatGPT,russian
