text,label,model,source
"Этот робот-пылесос полностью изменил мой подход к уборке. Он не только пылесосит, но и моет полы, благодаря встроенному резервуару для воды и салфетке из микрофибры. Навигация по карте точная - он объезжает препятствия и не падает с лестницы. Через приложение можно задавать зоны уборки или запретные участки. Автономность - около 120 минут, после чего он сам возвращается на базу для подзарядки. Шум минимальный - можно спокойно смотреть телевизор во время его работы. Из минусов - иногда застревает в проводах, но это решается их предварительной уборкой. За месяц использования полы в квартире стали заметно чище, а у меня появилось больше свободного времени. Если вы устали от ежедневного мытья полов - этот робот станет идеальным помощником. Кстати, он отлично убирает шерсть домашних животных - моя кошка теперь не оставляет следов по всей квартире.",1,chatGPT,russian
"Электрическая гриль-сковорода стала моим любимым кухонным гаджетом. Антипригарное покрытие позволяет готовить без масла, а регулируемый термостат - точно контролировать степень прожарки. Угол наклона продуман - жир стекает в специальный контейнер, а не на стол. Мощность 2000 Вт обеспечивает быстрый нагрев - стейк средней прожарки готовится за 8-10 минут. В комплекте идёт пресс для бургеров и щипцы. Из минусов - вес около 5 кг, но это делает конструкцию устойчивой. За три недели я приготовил на ней всё: от овощей до рыбы и мяса - всё получается сочным и с красивой решёткой. Уход простой - съёмные части моются в посудомоечной машине. Если вы следите за питанием, но любите вкус гриля - эта модель идеальна. Особенно рекомендую для приготовления курицы - она получается невероятно нежной.",1,chatGPT,russian
"Беспроводная игровая мышь превзошла все мои ожидания. Сенсор с разрешением 16000 dpi обеспечивает точность в шутерах, а время отклика 1 мс полностью исключает задержки. Эргономичная форма удобна для длительных игровых сессий - кисть не устаёт даже после 5 часов. Шесть программируемых кнопок можно настроить под любую игру. Автономность - около 50 часов, а зарядка через USB-C занимает всего 1.5 часа. Вес регулируется (от 100 до 130 г) за счёт съёмных грузиков. Из минусов - кнопки немного громкие, но это субъективно. За месяц активного использования в CS:GO и WoW мышь показала себя безупречно - никаких двойных кликов или зависаний. Если вы серьёзно относитесь к играм - эта модель стоит своих денег. Кстати, RGB-подсветку можно полностью отключить для экономии заряда.",1,chatGPT,russian
"Умный замок для двери добавил безопасности и удобства в мой дом. Установка заняла 20 минут - подошёл к существующей защёлке. Открывать можно через отпечаток пальца (в базе до 50 отпечатков), цифровой код или приложение. Автономность - около 6 месяцев от 4 батареек АА. Встроенный датчик предупреждает о попытках взлома. Из минусов - нет поддержки NFC, но это компенсируется другими способами открытия. За два месяца использования ни одного ложного срабатывания - замок открывается с первого касания даже мокрыми пальцами. Приложение показывает историю входа - знаю, когда дети приходят из школы. Если вы хотите забыть о ключах - этот замок идеальное решение. Особенно рекомендую для семей с детьми - они больше не теряют ключи!",1,chatGPT,russian
"Электрическая точилка для ножей вернула вторую жизнь всем моим кухонным ножам. Два этапа заточки - сначала грубая правка, затем финальная шлифовка. Работает с ножами под углом от 15 до 30 градусов - подходит для европейских и азиатских моделей. Мощность 80 Вт обеспечивает быструю заточку - около 30 секунд на нож. Безопасность на высоте - защита от случайного включения и прорезиненные ножки. Из минусов - немного искрит при работе, но это норма для таких устройств. За месяц я заточил все ножи в доме (15 штук) - теперь они режут как новые. Особенно впечатлила работа с керамическими ножами - думал, их уже не спасти. Если у вас есть хорошие ножи, которые затупились - эта точилка окупится очень быстро. Кстати, она отлично справляется и с ножницами - мои парикмахерские снова как новые!",1,chatGPT,russian
"Беспроводной массажёр для шеи и плеч стал моим спасением после рабочего дня. 4 режима работы и 3 уровня интенсивности позволяют подобрать идеальный массаж. Нагревающиеся узлы (до 42°C) особенно приятны для расслабления мышц. Автономность - около 120 минут, заряжается через USB-C. Эргономичная форма удобно ложится на плечи - не нужно держать руками. Из минусов - немного тяжёлый (1.2 кг), но это даёт дополнительное давление. Использую его 2-3 раза в неделю уже месяц - хронические боли в шее значительно уменьшились. Если вы много работаете за компьютером - этот массажёр стоит своих денег. Кстати, его можно использовать и для поясницы - помогает при радикулите.",1,chatGPT,russian
"Электрическая открывалка для консервных банок удивила своей простотой и эффективностью. Работает от батареек (2 АА), автоматически захватывает банку и открывает её за 10-15 секунд. Не оставляет острых краёв - безопасно для детей. Подходит для банок диаметром от 6 до 10 см. Корпус пластиковый, но прочный - упал несколько раз без последствий. Из минусов - не открывает стеклянные банки, но это и не её функция. За месяц использования открыла около 30 банок - ни одной осечки. Особенно удобно для пожилых людей или тех, у кого проблемы с руками. Если вы устали от обычных консервных ножей - эта модель станет приятным облегчением. Кстати, она отлично справляется и с жестяными банками от краски!",1,chatGPT,russian
"Смарт-кольцо для отслеживания сна и активности стало моим постоянным спутником. Автономность - 7 дней, заряжается за час. Точность измерения пульса и SpO2 сравнима с медицинскими приборами. Датчик температуры тела помог вовремя заметить начинающуюся простуду. Уведомления о звонках и сообщениях вибрируют - удобно в шумных местах. Водонепроницаемость IP68 позволяет не снимать в душе. Из минусов - ограниченная совместимость с iOS, но на Android работает идеально. Ношу уже 3 недели - данные помогли скорректировать режим сна и повысить продуктивность. Если вы хотите отслеживать здоровье без громоздких гаджетов - это отличный выбор. Кстати, оно незаметно под одеждой - никто не догадывается о его функциях.",1,chatGPT,russian
"Электрическая овощерезка сэкономила мне часы на кухне. 6 насадок позволяют нарезать овощи соломкой, кубиками, кружочками и даже спиралью для лапши. Мощность 200 Вт справляется даже с морковью и свёклой. Контейнер на 1.5 литра удобно заполнять и мыть. Безопасный механизм - не начнёт работать, если крышка не закрыта. Из минусов - шумная, но это длится недолго. За две недели приготовила с её помощью салаты, супы и гарниры для всей семьи - процесс стал втрое быстрее. Если вы часто готовите из свежих овощей - эта модель незаменима. Особенно рекомендую для приготовления рататуя - все кусочки получаются одинаковыми!",1,chatGPT,russian
"Портативная колонка с караоке-микрофоном стала хитом на наших вечеринках. Звук мощный (20 Вт), с чёткими высокими и глубокими низкими частотами. Встроенные эффекты эха и изменения голоса добавляют веселья. Автономность - 8 часов пения на средней громкости. Bluetooth 5.0 обеспечивает стабильное соединение без задержек. Из минусов - микрофон немного тяжёлый (300 г), но к этому привыкаешь. Использовали уже на 5 вечеринках - гости в восторге, батарея держит как заявлено. Если вы любите караоке, но не хотите громоздких систем - это идеальный вариант. Кстати, она отлично работает и как обычная Bluetooth-колонка - звук для своего размера просто отличный!",1,chatGPT,russian
