text,label,model,source
"Этот электрический чайник со стеклянной колбой стал украшением моей кухни. Он не только быстро кипятит воду (1,7 литра за 3 минуты), но и выглядит стильно благодаря синей LED-подсветке, которая меняет цвет при нагреве. Особенно удобна функция поддержания температуры - можно установить от 60°C до 100°C. Подставка с поворотом на 360 градусов позволяет ставить чайник в любом положении. Из минусов - немного шумноват при кипячении, но это характерно для всех мощных чайников (2200 Вт). Использую уже месяц для чая и кофе - вода действительно не имеет посторонних привкусов. Если цените и функциональность, и дизайн - этот чайник отличный выбор. Особенно рекомендую любителям зелёного чая - можно точно выставить 80°C для правильного заваривания.",1,chatGPT,russian
"Беспроводные наушники с шумоподавлением превзошли мои ожидания. Активное шумоподавление действительно блокирует 90% внешних звуков - в метро слышно только музыку. Звук сбалансированный, с чёткими высокими и мощными басами. Автономность - 6 часов с ANC, а с кейсом - до 24 часов. Удобная сенсорная панель позволяет управлять воспроизведением и громкостью. Из минусов - немного давят на уши первые 2-3 дня, но потом привыкаешь. Использую месяц для работы и путешествий - ни разу не разрядились в пути. Если вам нужны качественные наушники с хорошим шумоподавлением за разумные деньги - эти отличный вариант. Особенно удобны в самолётах - почти полностью заглушают гул двигателей.",1,chatGPT,russian
"Электрическая зубная щётка с 3D-технологией чистки стала моим лучшим приобретением за год. 40,000 пульсаций в минуту удаляют налёт гораздо лучше обычной щётки. Таймер на 30 секунд для каждой зоны рта помогает чистить зубы правильно. Датчик давления предупреждает, если я слишком сильно нажимаю. Зарядки хватает на 2 недели - удобно для путешествий. В комплекте 2 насадки - стандартная и для чувствительных зубов. Из минусов - дорогие сменные насадки, но они служат по 3 месяца. Через месяц использования стоматолог отметил, что зубы стали значительно чище. Если хотите профессиональную чистку дома - эта щётка того стоит. Особенно рекомендую курильщикам - отлично удаляет налёт от сигарет.",1,chatGPT,russian
"Умная лампочка с RGB-подсветкой полностью преобразила мою гостиную. Через приложение можно выбирать из 16 миллионов оттенков и создавать сценарии освещения. Яркость регулируется от мягкого ночника до полноценного основного света. Совместимость с Alexa и Google Home позволяет управлять голосом. Автоматические таймеры включают свет утром и выключают, когда я засыпаю. Из минусов - иногда теряет соединение с Wi-Fi, но быстро переподключается. Использую 3 недели - создал разные режимы для чтения, кино и вечеринок. Если хотите современное освещение без ремонта - эта лампочка идеальна. Особенно нравится режим 'рассвет' - мягкое пробуждение без будильника.",1,chatGPT,russian
"Портативный проектор для домашнего кинотеатра удивил качеством за свою цену. Full HD разрешение с яркостью 5000 люмен даёт чёткую картинку даже при дневном свете. Встроенные стереодинамики (10 Вт) обеспечивают хороший звук без дополнительной акустики. Подключается по HDMI и Wi-Fi, есть Android TV. Фокусировка и коррекция трапеции настраиваются за секунды. Из минусов - шум вентилятора, но его не слышно при просмотре. За месяц посмотрел 10 фильмов - изображение стабильное, цвета насыщенные. Если хотите кинотеатр дома без огромного телевизора - этот проектор отличный выбор. Особенно хорош для просмотра спортивных матчей - можно сделать экран до 120 дюймов.",1,chatGPT,russian
"Электрическая мясорубка мощностью 2000 Вт справилась даже с жилистой говядиной. В комплекте 3 решётки (для разного помола) и насадка для колбасок. Все детали из нержавеющей стали - легко моются и не пахнут. Автоматический реверс помогает при застревании мяса. Из минусов - довольно шумная, но это плата за мощность. За месяц приготовил фарш 10 раз - однородный, без жил и хрящей. Если делаете фарш дома - эта мясорубка сэкономит время и деньги. Особенно рекомендую для приготовления детского питания - можно быть уверенным в качестве мяса.",1,chatGPT,russian
"Робот-пылесос с функцией мойки полов стал моим любимым гаджетом. Строит точную карту квартиры, можно задавать зоны уборки в приложении. Водяной бак на 300 мл и салфетка из микрофибры хорошо моют пол. Автономность - 120 минут, затем возвращается на базу. Шум умеренный - не мешает разговаривать. Из минусов - иногда застревает в проводах, но это решается их уборкой. Использую 3 недели - полы чистые без моего участия. Если устали от мытья полов - этот робот настоящее спасение. Особенно хорош для уборки шерсти домашних животных.",1,chatGPT,russian
"Электрическая вафельница с антипригарным покрытием делает идеальные вафли за 3 минуты. Регулируемый термостат позволяет выбирать степень подрумянивания. Индикатор готовности избавляет от необходимости постоянно проверять. Пластины легко моются - остатки не пригорают. Из минусов - нет съёмных пластин, но это компенсируется лёгкостью очистки. За месяц приготовил вафли 15 раз - всегда равномерно пропечённые и хрустящие. Если любите домашние вафли - эта модель отличный выбор. Особенно хороша для завтраков - быстрая и удобная в использовании.",1,chatGPT,russian
"Беспроводная колонка с водонепроницаемостью IPX7 стала незаменимой в поездках. Звук мощный (20 Вт) с хорошими басами - слышно даже на пляже. Автономность - 12 часов на средней громкости. Корпус выдерживает падения и погружение в воду. Есть встроенный микрофон для звонков. Из минусов - вес 800 г, но это плата за качество звука. Использую 2 месяца - брал в поход и на пляж - работает безупречно. Если нужна неубиваемая колонка для активного отдыха - эта отличный вариант. Особенно хороша для вечеринок у бассейна - не боится брызг.",1,chatGPT,russian
"Умные весы с анализом состава тела дают полную картину здоровья. Измеряют не только вес, но и процент жира, мышц, воды и костной массы. Синхронизация с приложением через Bluetooth - все данные сохраняются. Платформа из закалённого стекла выдерживает до 180 кг. Из минусов - иногда небольшие расхождения при повторном взвешивании. Использую 3 недели - помогли скорректировать программу тренировок. Если серьёзно относитесь к фигуре - эти весы незаменимы. Особенно полезны при похудении - показывают, теряете ли вы жир или мышцы.",1,chatGPT,russian
