text,label,model,source
"Этот электрический гриль для сэндвичей стал моим любимым кухонным гаджетом. Он равномерно поджаривает хлеб с обеих сторон, создавая идеальную хрустящую корочку. Антипригарное покрытие позволяет готовить без масла, что делает завтраки полезнее. Температура регулируется от 150°C до 250°C, что идеально для разных видов хлеба. Из минусов - нельзя мыть под проточной водой, но съёмные пластины легко очищаются влажной салфеткой. Использую его каждое утро уже месяц - сэндвичи получаются гораздо вкуснее, чем на сковороде. Особенно нравится готовить в нём сырные сэндвичи - сыр идеально плавится, а хлеб не подгорает. Если любите горячие бутерброды - этот гриль стоит своих денег. Размер компактный - не занимает много места на кухне.",1,chatGPT,russian
"Беспроводная мышка для ноутбука превзошла мои ожидания. Эргономичная форма удобно лежит в руке, не вызывая усталости даже после долгой работы. Сенсор с разрешением 2400 dpi обеспечивает точное позиционирование курсора. Автономность - около 6 месяцев от одной батарейки ААА (идет в комплекте). Подключение через Bluetooth 5.0 - стабильное, без задержек. Из минусов - кнопки немного громковаты, но к этому быстро привыкаешь. Использую 3 недели - никаких проблем с подключением или работой. Если нужна надежная беспроводная мышь для работы - эта модель отличный выбор. Особенно удобна для путешествий - компактная и легкая (всего 78 грамм). Корпус из матового пластика не скользит в руке.",1,chatGPT,russian
"Электрическая открывалка для бутылок - простой, но очень полезный гаджет. Работает от 4 батареек АА (не входят в комплект), открывает любые стандартные бутылки за 2-3 секунды. Корпус из прочного пластика, удобно лежит в руке. Автоматически останавливается, когда пробка вынута. Из минусов - немного шумновата, но это не критично. Использую уже месяц на кухне и для вечеринок - больше никаких сломанных штопоров! Особенно удобна для пожилых людей или тех, у кого слабые руки. Если часто имеете дело с винными бутылками - эта открывалка сэкономит вам нервы и время. Занимает минимум места в ящике. Единственное - не открывает бутылки с винтовыми пробками.",1,chatGPT,russian
"Портативный вентилятор с USB-питанием стал спасением в жару. Три скорости вращения, самая мощная создает ощутимый поток воздуха. Работает как от power bank, так и от любого USB-порта. Угол наклона регулируется на 90 градусов. Из минусов - на максимальной скорости немного шумноват (45 дБ), но это плата за мощность. Использую 2 недели в офисе и дома - отлично справляется со своей задачей. Особенно удобен в машине - можно направить поток воздуха точно в лицо. Если ищете компактное решение от жары - этот вентилятор хороший вариант. Автономность - около 8 часов на средней скорости. Корпус из качественного пластика, лопасти защищены решеткой.",1,chatGPT,russian
"Электрическая точилка для карандашей с контейнером для стружки - отличный офисный аксессуар. Работает от 2 батареек АА (в комплекте), затачивает карандаш за 3-4 секунды. Два отверстия - для стандартных и крупных карандашей. Контейнер прозрачный, видно когда нужно его очистить. Из минусов - немного громкая, но это не проблема в офисе. Использую месяц - больше никаких сломанных грифелей! Особенно удобна для художников и дизайнеров - делает идеально острый кончик. Если часто работаете с карандашами - эта точилка сэкономит вам время. Занимает минимум места на столе. Единственное - не подходит для очень мягких карандашей (ниже HB).",1,chatGPT,russian
"Умный браслет для отслеживания физической активности оказался полезным гаджетом. Точность измерения шагов и пульса сравнима с более дорогими аналогами. Водонепроницаемость IP67 позволяет не снимать его в душе. Автономность - около 7 дней. Уведомления о звонках и сообщениях отображаются на экране. Из минусов - нет GPS, но для базового трекинга этого хватает. Использую 3 недели - помог увеличить ежедневную активность на 20%. Если хотите начать следить за своей активностью - этот браслет хороший бюджетный вариант. Особенно удобен для контроля сна - показывает фазы и качество. Экран монохромный, но хорошо читается на солнце.",1,chatGPT,russian
"Электрическая банка для взбивания сливок - простой, но гениальный девайс. Работает от 2 батареек АА (в комплекте), превращает жидкие сливки в густую пену за 30-40 секунд. Две насадки в комплекте - для взбивания и смешивания. Из минусов - небольшой объем (до 200 мл), но для домашнего использования хватает. Использую месяц для десертов и кофе - больше никакого ручного взбивания! Особенно удобна для приготовления капучино - получается идеальная молочная пена. Если любите домашние десерты - эта банка сэкономит вам время и силы. Легко моется под проточной водой. Единственное - нужно охлаждать сливки перед использованием.",1,chatGPT,russian
"Беспроводной дверной звонок с камерой добавил безопасности моему дому. Видео в HD качестве, ночное видение до 5 метров. Датчик движения присылает уведомления на телефон. Работает от аккумулятора (зарядки хватает на 3-4 недели). Из минусов - небольшая задержка звука (около 1 секунды), но это не критично. Использую 2 недели - уже несколько раз помог идентифицировать посетителей. Если хотите знать, кто приходит к вам домой - этот звонок хороший вариант. Особенно удобен для тех, кто часто отсутствует дома. Камера имеет угол обзора 160 градусов - охватывает всю площадку перед дверью.",1,chatGPT,russian
"Электрическая овощечистка с автоматической подачей - настоящая находка для кухни. Очищает картофель, морковь, яблоки и другие овощи/фрукты за секунды. Мощность 40 Вт - справляется даже с твердыми продуктами. Контейнер для очистков объемом 1 литр. Из минусов - немного разбрызгивает воду, но это решается медленной подачей. Использую месяц - экономит массу времени при готовке. Особенно удобна для больших семей - за 5 минут очищает килограмм картошки! Если часто готовите - эта овощечистка стоит своих денег. Легко разбирается для мытья. Единственное - не подходит для очень маленьких или неровных плодов.",1,chatGPT,russian
"Портативный УФ-стерилизатор для телефонов оказался полезным гаджетом. Уничтожает 99% бактерий за 5 минут работы. Работает от USB, можно использовать с power bank. Вмещает телефоны до 6.5 дюймов. Из минусов - нельзя стерилизовать предметы толще 2 см, но для телефонов и ключей хватает. Использую 2 недели - особенно удобно после поездок в транспорте. Если заботитесь о гигиене - этот стерилизатор хороший вариант. Особенно актуален в сезон простуд. Корпус из прочного пластика, внутри зеркальное покрытие для равномерного УФ-излучения. Зарядки хватает на 20-25 циклов стерилизации.",1,chatGPT,russian
