text,label,model,source
"Этот электрический нож для резки мяса превзошел все мои ожидания. С его помощью я легко разделываю даже самые жесткие куски говядины. Два зазубренных лезвия из нержавеющей стали работают в противоположных направлениях, создавая идеально ровные ломтики. Мощность 100 Вт достаточна для большинства задач, а эргономичная ручка не скользит в руках. Из минусов - немного шумноват при работе, но это компенсируется эффективностью. Использую уже месяц для приготовления барбекю и праздничных блюд - значительно экономит время. Особенно удобен для нарезки запеченного мяса - получаются красивые тонкие ломтики. Если часто готовите мясные блюда - этот нож станет незаменимым помощником. Очистка простая - лезвия съемные и моются под проточной водой.",1,chatGPT,russian
"Беспроводной пылесос для уборки автомобиля оказался крайне полезным приобретением. Его компактные размеры позволяют легко чистить даже труднодоступные места между сиденьями. Мощность всасывания 100 Вт справляется с песком, крошками и шерстью животных. Зарядки хватает на 20-25 минут непрерывной работы - достаточно для полной уборки салона. В комплекте три насадки: щелевая, мягкая кисть и основной валик. Из минусов - небольшой контейнер для мусора (0.3 л), но его легко опорожнять. Использую 3 недели - салон машины теперь всегда чистый. Особенно удобен для родителей с маленькими детьми - быстро убирает рассыпанные печенья и крошки. Если хотите поддерживать чистоту в автомобиле - этот пылесос отличное решение.",1,chatGPT,russian
"Электрическая открывалка для консервных банок - простой, но гениальный кухонный гаджет. Работает от 4 батареек АА (в комплекте), открывает стандартные банки за 10-15 секунд. Автоматический механизм захватывает банку и аккуратно снимает крышку без острых краев. Из минусов - не подходит для стеклянных банок, но для жестяных идеален. Использую месяц - больше никаких усилий и порезов! Особенно удобен для пожилых людей и тех, у кого проблемы с руками. Если часто используете консервы - эта открывалка значительно облегчит процесс. Корпус из прочного пластика, легко моется. Единственное - нужно следить за зарядом батареек, но их хватает на 50-60 банок.",1,chatGPT,russian
"Умная розетка с Wi-Fi управлением добавила удобства в мой дом. Через приложение можно включать/выключать приборы удаленно или по расписанию. Поддерживает голосовые команды через Alexa и Google Assistant. Максимальная нагрузка 16А - хватает для большинства бытовых устройств. Из минусов - иногда теряет соединение с роутером, но быстро восстанавливается. Использую 2 недели для управления торшером и электрочайником - очень удобно. Особенно нравится функция таймера - можно запрограммировать включение обогревателя перед приходом домой. Если хотите сделать дом умнее - эта розетка отличный недорогой вариант. Корпус компактный, не мешает соседним розеткам в двойном разъеме.",1,chatGPT,russian
"Электрическая точилка для ножей с алмазными дисками вернула остроту всем моим кухонным ножам. Два этапа заточки - сначала грубая обработка, затем полировка. Угол заточки регулируется от 15 до 30 градусов - подходит для разных типов ножей. Мощность 80 Вт обеспечивает быструю работу (около 30 секунд на нож). Из минусов - требует некоторого навыка для правильного использования. Применяю уже месяц - ножи режут как новые. Особенно впечатлила работа с керамическими ножами - думал их уже не спасти. Если хотите поддерживать ножи в идеальном состоянии - эта точилка отличный выбор. В комплекте инструкция с подробными схемами заточки разных типов лезвий.",1,chatGPT,russian
"Портативный USB-микроскоп с 1000x увеличением открыл для меня новый мир. Камера 5 Мп делает четкие снимки, которые можно сохранять на компьютер. Подсветка регулируется по яркости - удобно для разных объектов. Совместим с Windows и Mac. Из минусов - требует устойчивой поверхности для работы на максимальном увеличении. Использую 3 недели для изучения монет, растений и насекомых - бесконечно увлекательно! Особенно нравится детям - отличный образовательный инструмент. Если интересуетесь микромиром - этот микроскоп отличный вариант для начинающих. В комплекте удобная подставка и защитный чехол для хранения.",1,chatGPT,russian
"Электрическая соковыжималка для цитрусовых значительно упростила мое утро. Автоматический пресс выжимает сок из половинок апельсинов или лимонов за 10-15 секунд. Мощность 25 Вт достаточна для большинства фруктов. Контейнер на 800 мл - хватает на 3-4 стакана сока. Из минусов - немного шумновата, но работает недолго. Использую месяц - свежий сок теперь каждый день. Особенно удобна для приготовления витаминных напитков зимой. Если любите свежевыжатые соки - эта модель отличный выбор. Все детали съемные и легко моются. Единственное - не подходит для гранатов и других нецитрусовых фруктов.",1,chatGPT,russian
"Беспроводной массажер для шеи и плеч стал моим спасением после рабочего дня. Четыре режима работы и три уровня интенсивности позволяют подобрать идеальный массаж. Нагревающиеся узлы (до 42°C) особенно приятны для расслабления мышц. Автономность - около 120 минут, заряжается через USB-C. Из минусов - немного тяжеловат (1.1 кг), но это дает дополнительное давление. Использую 3 недели - хронические боли в шее значительно уменьшились. Особенно помогает при работе за компьютером - снимает напряжение с плечевого пояса. Если страдаете от болей в спине - этот массажер стоит попробовать. В комплекте удобный чехол для хранения и кабель для зарядки.",1,chatGPT,russian
"Электрическая овощерезка с 6 насадками сэкономила мне часы на кухне. Нарезает овощи кубиками, соломкой, кружочками и даже спиралью для лапши. Мощность 200 Вт справляется даже с морковью и свеклой. Контейнер на 1.5 литра удобно заполнять и мыть. Из минусов - шумновата, но работает недолго. Использую месяц - приготовление салатов стало втрое быстрее. Особенно нравится для приготовления гарниров - все кусочки одинакового размера. Если часто готовите из свежих овощей - эта модель незаменима. Все детали съемные и моются в посудомоечной машине. Единственное - требует некоторой сноровки для равномерной нарезки.",1,chatGPT,russian
"Умный браслет для отслеживания сна и активности оказался полезным гаджетом. Точность измерения пульса и шагов сравнима с более дорогими аналогами. Водонепроницаемость IP67 позволяет не снимать его в душе. Автономность - около 7 дней. Уведомления о звонках отображаются на экране. Из минусов - нет GPS, но для базового трекинга хватает. Использую 3 недели - помог увеличить ежедневную активность. Особенно нравится функция анализа сна - показывает фазы и качество отдыха. Если хотите начать следить за здоровьем - этот браслет хороший бюджетный вариант. Экран монохромный, но хорошо читается на солнце. В комплекте запасной ремешок.",1,chatGPT,russian
