text,label,model,source
یہ سمارٹ کچن اسکیل میں نے اپنے گھر کے لیے خریدا ہے اور یہ ایک شاندار ایجاد ثابت ہوا ہے۔ 5 کلوگرام کی وزن کی حد نے تمام کچن کی ضروریات کو پورا کیا ہے۔ ٹچ اسکرین ڈسپلے نے پڑھنے کو آسان بنا دیا ہے۔ 0.1 گرام کی درستگی نے کھانا پکانے کو بہتر بنایا ہے۔ صاف کرنا انتہائی آسان ہے مگر اسکرین پر انگلیوں کے نشانات رہ جاتے ہیں۔ 2 سال کی وارنٹی نے اعتماد میں اضافہ کیا ہے۔ یہ گھریلو خواتین اور پیشہ ور باورچیوں دونوں کے لیے ایک بہترین انتخاب ہے۔,1,chatGPT,urdu
یہ پروٹیبل کار واش کٹ میں نے اپنی گاڑی کے لیے خریدا ہے اور یہ ایک شاندار خرید ثابت ہوا ہے۔ 12V پمپ نے پانی کا دباؤ بہتر بنایا ہے۔ 5 میٹر لمبی ہوز نے گاڑی کے ہر حصے تک رسائی دی ہے۔ صابن کا جھاگ بنانے والا برش نے صفائی کو آسان بنا دیا ہے۔ صفائی کے بعد خشک کرنے والا کپڑا معیاری ہے۔ صرف ایک مسئلہ یہ ہے کہ پانی کا ٹینک کچھ چھوٹا ہے۔ یہ گاڑی کے شوقین افراد کے لیے ایک بہترین انتخاب ہے۔,1,chatGPT,urdu
یہ سمارٹ بیبی مانیٹر میں نے اپنے بچے کے لیے خریدا ہے اور یہ ایک شاندار ایجاد ثابت ہوا ہے۔ 5 انچ کی رنگین اسکرین نے واضح نظارہ فراہم کیا ہے۔ 2 طرفہ آڈیو نے بچے سے بات کرنا ممکن بنا دیا ہے۔ رات کے وقت دیکھنے کی خصوصیت نے 24 گھنٹے نگرانی کو یقینی بنایا ہے۔ 300 میٹر کی رینج کافی ہے مگر دیواریں اسے کم کر دیتی ہیں۔ درجہ حرارت سینسر نے کمرے کے ماحول کو جانچنے میں مدد کی ہے۔ یہ نئے والدین کے لیے ایک بہترین تحفہ ہے۔,1,chatGPT,urdu
یہ پروٹیبل واکی ٹاکی میں نے اپنے خاندانی سفر کے لیے خریدا ہے اور یہ ایک شاندار خرید ثابت ہوا ہے۔ 5 کلومیٹر کی رینج نے ہمیں رابطے میں رکھا ہے۔ 22 چینلز نے مداخلت سے پاک رابطہ ممکن بنایا ہے۔ واٹر پروف ڈیزائن نے بارش میں بھی کام جاری رکھا ہے۔ 12 گھنٹے کی بیٹری لائف کافی ہے مگر ہیوی یوز کے دوران کم ہو جاتی ہے۔ یہ خاندانی سفر اور بیرونی سرگرمیوں کے لیے ایک بہترین انتخاب ہے۔,1,chatGPT,urdu
یہ سمارٹ ہیر ڈرائر میں نے اپنی بیٹی کے لیے خریدا ہے اور وہ اس سے بہت خوش ہے۔ 2000 واٹ کی طاقت نے بالوں کو جلدی خشک کر دیا ہے۔ 3 مختلف حرارتی اور 2 ہوا کی سطحوں نے ہر قسم کے بالوں کے لیے موزوں ترتیب دی ہے۔ کولنگ موڈ نے بالوں کو نقصان سے بچایا ہے۔ وزن ہلکا ہے مگر طویل استعمال کے بعد ہاتھ تھک جاتے ہیں۔ 2 میٹر کی طویل کیبل نے استعمال کو آسان بنا دیا ہے۔ یہ اپنی قیمت کے لحاظ سے بہترین کارکردگی پیش کرتا ہے۔,1,chatGPT,urdu
یہ پروٹیبل کولنگ بیگ میں نے اپنے سفر کے لیے خریدا ہے اور یہ ایک شاندار خرید ثابت ہوا ہے۔ 10 لیٹر کی گنجائش نے تمام ضروری اشیاء کو سما لیا ہے۔ تھرمل انسولیشن نے 12 گھنٹے تک ٹھنڈک برقرار رکھی ہے۔ واٹر پروف مواد نے بارش میں بھی تحفظ دیا ہے۔ متعدد جیبیں نے اشیاء کو منظم کیا ہے۔ وزن ہلکا ہے مگر مضبوط محسوس ہوتا ہے۔ یہ مسافروں اور کیمپرز دونوں کے لیے ایک بہترین انتخاب ہے۔,1,chatGPT,urdu
یہ سمارٹ گارڈن ٹول سیٹ میں نے اپنے باغ کے لیے خریدا ہے اور یہ ایک شاندار خرید ثابت ہوا ہے۔ 8 مختلف اوزاروں نے تمام باغبانی کی ضروریات کو پورا کیا ہے۔ سٹین لیس سٹیل کی تعمیر نے دیرپا استعمال کو یقینی بنایا ہے۔ آرام دہ ہینڈلز نے طویل استعمال کو ممکن بنایا ہے۔ کیری بیگ نے اوزاروں کو منظم رکھا ہے۔ صرف ایک مسئلہ یہ ہے کہ کچھ اوزاروں کے ہینڈلز کچھ چھوٹے ہیں۔ یہ باغبانوں کے لیے ایک بہترین انتخاب ہے۔,1,chatGPT,urdu
یہ پروٹیبل ہیئر اسٹریٹنر میں نے اپنے سفر کے لیے خریدا ہے اور یہ ایک شاندار خرید ثابت ہوا ہے۔ فولڈ ایبل ڈیزائن نے اسٹوریج کو آسان بنا دیا ہے۔ 2 مختلف ہیٹ سیٹنگز نے ہر قسم کے بالوں کے لیے موزوں ترتیب دی ہے۔ یونیورسل وولٹیج نے بین الاقوامی سفر کو آسان بنا دیا ہے۔ صرف 1 پاؤنڈ وزن نے سامان میں اضافہ محسوس نہیں ہونے دیا۔ یہ مسافروں کے لیے ایک بہترین انتخاب ہے۔,1,chatGPT,urdu
یہ سمارٹ شیوز ڈرائر میں نے اپنے گھر کے لیے خریدا ہے اور یہ ایک شاندار ایجاد ثابت ہوا ہے۔ الٹرا وائلٹ روشنی اور گرم ہوا نے جراثیم کو مار کر بدبو ختم کی ہے۔ 2 جوڑی جوتوں کی گنجائش کافی ہے مگر بڑے بوٹس کے لیے چھوٹی ہے۔ 30 منٹ کا ٹائمر مناسب ہے۔ صفائی کرنا آسان ہے مگر فلٹر کو باقاعدگی سے صاف کرنا پڑتا ہے۔ یہ گھریلو استعمال کے لیے ایک بہترین انتخاب ہے۔,1,chatGPT,urdu
یہ پروٹیبل وائی فائی ایکسٹینڈر میں نے اپنے دفتر کے لیے خریدا ہے اور یہ ایک شاندار خرید ثابت ہوا ہے۔ 300 میٹر کی رینج نے وائی فائی کوریج کو بڑھا دیا ہے۔ 4 اینٹیناز نے مستحکم کنکشن فراہم کیا ہے۔ موبائل ایپ کنٹرول نے سیٹ اپ کو آسان بنا دیا ہے۔ 10 کنیکٹڈ ڈیوائسز کی سپورٹ کافی ہے۔ یہ بڑے گھروں اور دفاتر کے لیے ایک بہترین انتخاب ہے۔,1,chatGPT,urdu
