text,label,model,source
یہ اسمارٹ فون میں نے اپنے والد کے لیے خریدا ہے اور وہ اس سے بہت خوش ہیں۔ 6.5 انچ کی ڈسپلے اسکرین نے وڈیوز دیکھنے کا تجربہ بہتر بنا دیا ہے۔ 5000mAh کی بیٹری نے ایک چارج پر 2 دن تک چلنا ممکن بنا دیا ہے۔ 48MP کیمیرا نے تصاویر کی کوالٹی کو ایک نئے درجے پر پہنچا دیا ہے۔ اینڈرائیڈ 12 آپریٹنگ سسٹم نے پرزہ سسٹم کو تیز اور ہموار بنا دیا ہے۔ فنگر پرنٹ سینسر پچھلے جانب ہونے کی وجہ سے کبھی کبھی تکلیف دہ ہوتا ہے۔ 128GB اسٹوریج اور 6GB ریم نے تمام روزمرہ کے کاموں کو آسان بنا دیا ہے۔ یہ اپنی قیمت کے لحاظ سے بہترین فیچرز پیش کرتا ہے۔ والدین کے لیے یہ ایک بہترین انتخاب ہے۔,1,chatGPT,urdu
یہ مائیکروویو اوون ہم نے اپنے نئے گھر کے لیے خریدا ہے اور یہ ہماری روزمرہ کی زندگی کا اہم حصہ بن چکا ہے۔ 25 لیٹر کی گنجائش نے بڑے برتنوں کو رکھنا ممکن بنا دیا ہے۔ 10 مختلف ککنگ لیولز نے ہر قسم کے کھانے کو گرم کرنے کی سہولت دی ہے۔ گریل اور کنویکشن کی خصوصیات نے کھانا پکانے کے طریقوں میں اضافہ کیا ہے۔ ٹچ کنٹرول پینل استعمال میں آسان ہے مگر کبھی کبھی حساسیت زیادہ ہوتی ہے۔ اندرونی لائٹنگ نے کھانے کی حالت دیکھنے میں مدد کی ہے۔ صفائی کرنا انتہائی آسان ہے کیونکہ اندرونی سطح کو نان اسٹک کوٹنگ سے ڈھانپا گیا ہے۔ یہ گھریلو خواتین کے لیے ایک بہترین انتخاب ہے۔,1,chatGPT,urdu
اس ڈیجیٹل پرنٹر نے میری دفتری ضروریات کو پورا کر دیا ہے۔ وائرلیس کنیکٹیویٹی نے ایک ہی پرنٹر کو کئی کمپیوٹرز سے جوڑنا ممکن بنا دیا ہے۔ 20 صفحات فی منٹ کی پرنٹنگ سپیڈ نے کام کو تیز تر کر دیا ہے۔ 2 طرفہ پرنٹنگ کی سہولت نے کاغذ کے اخراجات کو کم کیا ہے۔ سیاہ اور رنگین کارٹریجز الگ الگ ہونے کی وجہ سے انک کی بچت ہوئی ہے۔ 250 شیٹ پیپر ٹرے نے بڑے کاموں کو آسان بنا دیا ہے۔ پرنٹ کوالٹی انتہائی عمدہ ہے مگر کبھی کبھی رنگوں میں معمولی فرق آ جاتا ہے۔ یہ چھوٹے دفتروں کے لیے ایک بہترین انتخاب ہے۔,1,chatGPT,urdu
یہ واٹر پیوریفائر ہم نے اپنے گھر کے لیے خریدا ہے اور پانی کا ذائقہ واضح طور پر بہتر ہو گیا ہے۔ 7 مرحلوں والے فلٹریشن سسٹم نے تمام نجاستوں کو ختم کر دیا ہے۔ 12 لیٹر کی گنجائش نے ہمارے 4 رکنی خاندان کے لیے کافی ہے۔ الٹرا وائلٹ ٹیکنالوجی نے جراثیم کو مارنے میں اہم کردار ادا کیا ہے۔ چھوٹا سائز اور خوبصورت ڈیزائن نے کچن میں جگہ بچائی ہے۔ فلٹرز کو تبدیل کرنا آسان ہے مگر ان کی قیمت کچھ زیادہ ہے۔ 1 سال کی وارنٹی نے اعتماد میں اضافہ کیا ہے۔ یہ ہر گھر کی ضرورت ہے خاص طور پر ان علاقوں میں جہاں پانی کا معیار اچھا نہیں ہے۔,1,chatGPT,urdu
اس ایئر کنڈیشنر نے ہماری گرمیوں کو آرام دہ بنا دیا ہے۔ 1.5 ٹن کی کولنگ کیپیسٹی نے ہمارے 250 مربع فٹ کے کمرے کو ٹھنڈا کر دیا ہے۔ انورٹر ٹیکنالوجی نے بجلی کے بل میں 40 فیصد تک کمی کر دی ہے۔ 3D ایئر فلو سسٹم نے کمرے کے ہر کونے کو یکساں ٹھنڈا کیا ہے۔ اسمارٹ کنٹرول نے موبائل فون سے چلانا ممکن بنا دیا ہے۔ تنصیب آسان تھی مگر ڈرین پائپ کو بہتر طریقے سے لگانے کی ضرورت تھی۔ شور کی سطح انتہائی کم ہے جو رات کے وقت بھی پریشان نہیں کرتا۔ یہ اپنی قیمت کے لحاظ سے بہترین کارکردگی پیش کرتا ہے۔,1,chatGPT,urdu
یہ فٹنس بینڈ میں نے اپنی صحت کی نگرانی کے لیے خریدا ہے اور یہ میری تمام توقعات پر پورا اترا ہے۔ 24/7 ہارٹ ریٹ مانیٹرنگ نے میری ورزشوں کو مؤثر بنا دیا ہے۔ 10 دن تک بیٹری لائف نے مجھے بار بار چارج کرنے سے بچا لیا ہے۔ واٹر پروف ڈیزائن نے بارش اور پسینے سے محفوظ رکھا ہے۔ 15 مختلف سپورٹس موڈز نے میری ورزشوں میں تنوع پیدا کیا ہے۔ نیند کا تجزیہ انتہائی درست ہے اور میری نیند کے معیار کو بہتر بنانے میں مدد کی ہے۔ ڈسپلے کچھ چھوٹا ہے مگر معلومات واضح طور پر نظر آتی ہیں۔ یہ صحت مند زندگی گزارنے کے خواہشمند افراد کے لیے ایک بہترین انتخاب ہے۔,1,chatGPT,urdu
اس کافی میکر نے صبح کی شروعات کو مزیدار بنا دیا ہے۔ 1.5 لیٹر کی گنجائش نے ہمارے 4 رکنی خاندان کے لیے کافی ہے۔ 24 گھنٹے کی ٹائمر نے ہمیں صبح تیار کافی ملنا ممکن بنا دیا ہے۔ گرمی برقرار رکھنے کی خصوصیت نے کافی کو گھنٹوں گرم رکھا ہے۔ صاف کرنا انتہائی آسان ہے مگر فلٹرز کو تبدیل کرنے کی ضرورت پڑتی ہے۔ شیشے کا جگ مضبوط ہے مگر ہینڈل کچھ کمزور محسوس ہوتا ہے۔ کافی کا ذائقہ کافی ہاؤس جیسا ہے مگر کبھی کبھی درجہ حرارت کچھ زیادہ ہو جاتا ہے۔ یہ کافی محبت کرنے والوں کے لیے ایک بہترین انتخاب ہے۔,1,chatGPT,urdu
یہ ہیئر ڈرائر میں نے اپنی بیٹی کے لیے خریدا ہے اور وہ اس سے بہت خوش ہے۔ 2000 واٹ کی طاقت نے بالوں کو جلدی خشک کر دیا ہے۔ 3 مختلف حرارتی اور 2 ہوا کی سطحوں نے ہر قسم کے بالوں کے لیے موزوں ترتیب دی ہے۔ کولنگ موڈ نے بالوں کو نقصان سے بچایا ہے۔ وزن ہلکا ہے مگر طویل استعمال کے بعد ہاتھ تھک جاتے ہیں۔ 2 میٹر کی طویل کیبل نے استعمال کو آسان بنا دیا ہے۔ شور کی سطح قابل برداشت ہے مگر صبح کے وقت کچھ پریشان کن ہو سکتا ہے۔ یہ اپنی قیمت کے لحاظ سے بہترین کارکردگی پیش کرتا ہے۔,1,chatGPT,urdu
اس سمارٹ ڈور لاک نے ہمارے گھر کی حفاظت کو ایک نئے درجے پر پہنچا دیا ہے۔ فنگر پرنٹ اور پن کوڈ دونوں طریقوں سے کھلنے کی سہولت نے رسائی کو آسان بنا دیا ہے۔ موبائل ایپ نے دور سے کنٹرول کرنا ممکن بنا دیا ہے۔ تعمیر مضبوط ہے اور موسمی حالات کو برداشت کر سکتی ہے۔ 6 ماہ تک بیٹری لائف نے بار بار تبدیل کرنے سے بچا لیا ہے۔ تنصیب میں کچھ دشواری ہوئی مگر ہدایات کی مدد سے ممکن ہو سکا۔ ایمرجنسی چارجنگ پورٹ نے بیٹری ختم ہونے کی صورت میں مدد کی ہے۔ یہ جدید حفاظتی نظام چاہنے والوں کے لیے ایک بہترین انتخاب ہے۔,1,chatGPT,urdu
یہ برقی چاقو ہم نے اپنے کچن کے لیے خریدا ہے اور یہ روزمرہ کے کاموں میں بہت مددگار ثابت ہوا ہے۔ 2 مختلف بلیڈز نے ہر قسم کے کاٹنے کے کام کو آسان بنا دیا ہے۔ 20 واٹ کی طاقت نے گوشت اور سبزیوں کو آسانی سے کاٹ دیا ہے۔ صاف کرنا انتہائی آسان ہے کیونکہ بلیڈز کو علیحدہ کیا جا سکتا ہے۔ ارگونومک ہینڈل نے طویل استعمال کے دوران ہاتھوں کو تھکنے نہیں دیا۔ شور کی سطح قابل برداشت ہے مگر صبح کے وقت کچھ پریشان کن ہو سکتا ہے۔ 2 سال کی وارنٹی نے اعتماد میں اضافہ کیا ہے۔ یہ ہر گھر کے کچن کی ضرورت ہے۔,1,chatGPT,urdu
