text,label,model,source
یہ روبوٹ ویکیوم کلینر ہم نے اپنے گھر کے لیے خریدا ہے اور یہ ہماری زندگی کو آسان بنا دیا ہے۔ خودکار نظام نے فرش کی صفائی کو مکمل طور پر خودکار بنا دیا ہے۔ اسمارٹ میپنگ ٹیکنالوجی نے کمرے کے ہر کونے تک پہنچنا ممکن بنا دیا ہے۔ 2 گھنٹے کی بیٹری لائف نے 1500 مربع فٹ کے علاقے کو صاف کرنے کے لیے کافی ہے۔ موبائل ایپ نے دور سے کنٹرول کرنا ممکن بنا دیا ہے۔ شور کی سطح قابل برداشت ہے مگر رات کے وقت کچھ پریشان کن ہو سکتا ہے۔ ڈسٹ بن کی گنجائش کچھ کم ہے اور روزانہ خالی کرنے کی ضرورت پڑتی ہے۔ یہ مصروف پیشہ ور افراد کے لیے ایک بہترین انتخاب ہے جو گھر کی صفائی کے لیے وقت نہیں نکال پاتے۔,1,chatGPT,urdu
اس پروجیکٹر نے ہمارے گھر کے تفریحی نظام کو ایک نئے درجے پر پہنچا دیا ہے۔ 1080p ریزولوشن نے تصویر کو انتہائی واضح اور تفصیلی بنا دیا ہے۔ 5000 lumens کی روشنی نے دن کے وقت بھی واضح دیکھنا ممکن بنا دیا ہے۔ 2 HDMI پورٹس نے مختلف آلات کو جوڑنا آسان بنا دیا ہے۔ بلٹ ان اسپیکرز کی آواز کافی اچھی ہے مگر میں نے الگ اسپیکرز کا نظام لگا لیا ہے۔ فاصلے پر پروجیکٹ کرنے کی صلاحیت نے ہمارے 150 مربع فٹ کے کمرے کو مکمل طور پر ڈھانپ لیا ہے۔ صفائی اور فلٹر کی دیکھ بھال کچھ مشکل ہے مگر ہدایات کی مدد سے ممکن ہے۔ یہ فلم بینی کے شوقین افراد کے لیے ایک بہترین انتخاب ہے۔,1,chatGPT,urdu
یہ اسمارٹ واچ میں نے اپنے فٹنس ٹریکنگ کے لیے خریدا ہے اور یہ میری تمام توقعات پر پورا اترا ہے۔ 1.4 انچ کی AMOLED ڈسپلے نے معلومات کو انتہائی واضح طریقے سے دکھایا ہے۔ 50 میٹر واٹر پروف ڈیزائن نے تیراکی کے دوران بھی استعمال کرنا ممکن بنا دیا ہے۔ 15 دن تک بیٹری لائف نے مجھے بار بار چارج کرنے سے بچا لیا ہے۔ 24/7 ہارٹ ریٹ اور بلڈ آکسیجن مانیٹرنگ نے میری صحت پر نظر رکھنا آسان بنا دیا ہے۔ 100 سے زائد سپورٹس موڈز نے ہر قسم کی ورزش کو ریکارڈ کرنا ممکن بنا دیا ہے۔ وزن ہلکا ہے اور آرام دہ محسوس ہوتا ہے۔ یہ صحت مند زندگی گزارنے کے خواہشمند افراد کے لیے ایک بہترین انتخاب ہے۔,1,chatGPT,urdu
اس انڈکشن کک ٹاپ نے ہمارے کچن کو جدید بنا دیا ہے۔ 2000 واٹ کی طاقت نے کھانا پکانے کے وقت کو کم کر دیا ہے۔ 10 مختلف درجہ حرارت کی سطحوں نے ہر قسم کے کھانے کے لیے موزوں ترتیب دی ہے۔ ٹچ کنٹرولز حساس ہیں اور استعمال میں آسان ہیں۔ چائلڈ لاک فیچر نے بچوں کو محفوظ رکھا ہے۔ صفائی کرنا انتہائی آسان ہے کیونکہ سطح ہموار ہے۔ کبھی کبھار زیادہ درجہ حرارت پر خودکار طور پر بند ہو جاتا ہے جو کچھ پریشان کن ہو سکتا ہے۔ یہ جدید کچن چاہنے والوں کے لیے ایک بہترین انتخاب ہے۔,1,chatGPT,urdu
یہ وائرلیس ایئر بڈز میں نے اپنے روزمرہ کے استعمال کے لیے خریدے ہیں اور یہ میری تمام توقعات پر پورے اترے ہیں۔ 10 ملی میٹر ڈرائیورز نے آواز کی کوالٹی کو ایک نئے درجے پر پہنچا دیا ہے۔ 30 گھنٹے کی بیٹری لائف نے لمبے سفر کو مزیدار بنا دیا ہے۔ IPX7 واٹر پروف ریٹنگ نے پسینے اور بارش سے محفوظ رکھا ہے۔ ٹچ کنٹرولز حساس ہیں مگر کبھی کبھار غلطی سے چل جاتے ہیں۔ 3 مختلف سائز کے ایئر ٹپس نے فٹ کو بہتر بنایا ہے۔ یہ اپنی قیمت کے لحاظ سے بہترین معیار پیش کرتے ہیں۔,1,chatGPT,urdu
اس سمارٹ ڈوربیل نے ہمارے گھر کی حفاظت کو بہتر بنا دیا ہے۔ 1080p HD کیمیرا نے تصویر کو انتہائی واضح بنا دیا ہے۔ 2 طرفہ آڈیو نے وزٹرز سے بات چیت کرنا ممکن بنا دیا ہے۔ موبائل ایپ نے دور سے دیکھنے اور کنٹرول کرنے کی سہولت دی ہے۔ رات کے وقت دیکھنے کی خصوصیت نے 24 گھنٹے حفاظت کو یقینی بنا دیا ہے۔ تنصیب آسان تھی مگر ہمیں وائی فائی سگنل کو مضبوط کرنے کی ضرورت پڑی۔ موسمی حالات کو برداشت کرنے کی صلاحیت نے اسے باہر کے استعمال کے لیے موزوں بنا دیا ہے۔ یہ جدید حفاظتی نظام چاہنے والوں کے لیے ایک بہترین انتخاب ہے۔,1,chatGPT,urdu
"یہ الیکٹرک ٹوتھ برش میں نے اپنے خاندان کے لیے خریدا ہے اور ہم سب اس سے بہت خوش ہیں۔ 40,000 RPM کی رفتار نے دانتوں کی صفائی کو ایک نئے درجے پر پہنچا دیا ہے۔ 3 مختلف موڈز نے ہر فرد کی ضروریات کو پورا کیا ہے۔ 2 ہفتے تک بیٹری لائف نے سفر کے دوران استعمال کو آسان بنا دیا ہے۔ اسمارٹ ٹائمر نے 2 منٹ کی برشنگ کو یقینی بنایا ہے۔ صاف کرنا انتہائی آسان ہے مگر ہیڈ کو تبدیل کرنے کی ضرورت پڑتی ہے۔ یہ اپنی قیمت کے لحاظ سے بہترین کارکردگی پیش کرتا ہے۔",1,chatGPT,urdu
"اس پورٹیبل پاور بینک نے میرے سفر کے مسائل کو حل کر دیا ہے۔ 20,000mAh کی گنجائش نے میرے فون کو 5 بار مکمل چارج کر دیا ہے۔ 2 USB پورٹس نے ایک ساتھ 2 آلات چارج کرنا ممکن بنا دیا ہے۔ PD فاسٹ چارجنگ نے چارجنگ کے وقت کو کم کر دیا ہے۔ تعمیر مضبوط ہے اور موسمی حالات کو برداشت کر سکتی ہے۔ وزن کچھ زیادہ ہے مگر یہ اس کی گنجائش کے لحاظ سے قابل قبول ہے۔ یہ مسافروں اور بیرونی سرگرمیوں کے شوقین افراد کے لیے ایک بہترین انتخاب ہے۔",1,chatGPT,urdu
یہ ایئر فرائر ہم نے اپنے چھوٹے گھر کے لیے خریدا ہے اور یہ ہماری روزمرہ کی کھانا پکانے کی عادات کو بدل دیا ہے۔ 4 لیٹر کی گنجائش نے 2 افراد کے لیے کافی ہے۔ 7 مختلف پکانے کے طریقوں نے کھانوں کی اقسام کو بڑھا دیا ہے۔ چکن کے پراٹھے اور فرنچ فرائز کا ذائقہ تیل میں تلے ہوئے جیسا ہی ہے مگر صحت بخش طریقے سے تیار ہوتا ہے۔ صفائی کرنا انتہائی آسان ہے مگر کچھ کھانے کے ذرات کونوں میں پھنس جاتے ہیں۔ ٹچ کنٹرولز حساس ہیں مگر کبھی کبھی غلطی سے چل جاتے ہیں۔ یہ چھوٹے گھرانوں کے لیے ایک بہترین انتخاب ہے۔,1,chatGPT,urdu
یہ بلوٹوتھ اسپیکر میں نے اپنے گھر کے لیے خریدا ہے اور یہ ہماری تفریح کا اہم حصہ بن چکا ہے۔ 30 واٹ کی آواز کی طاقت نے ہمارے 400 مربع فٹ کے کمرے کو مکمل طور پر گھیر لیا ہے۔ بیس بوسٹ ٹیکنالوجی نے موسیقی کو ایک نئے درجے پر پہنچا دیا ہے۔ 15 گھنٹے کی بیٹری لائف نے لمبی پارٹیوں کو ممکن بنا دیا ہے۔ پانی اور دھول سے بچاؤ کی خصوصیات نے اسے باہر کے استعمال کے لیے موزوں بنا دیا ہے۔ بلوٹوتھ کنکشن تیز ہے مگر 40 فٹ سے زیادہ فاصلے پر کنکشن میں خلل پڑتا ہے۔ یہ اپنی قیمت کے لحاظ سے بہترین معیار پیش کرتا ہے۔,1,chatGPT,urdu
