text,label,model,source
یہ سمارٹ فون کا کیس میں نے اپنے نئے موبائل کے لیے خریدا ہے اور یہ بہترین تحفظ فراہم کرتا ہے۔ ٹیمپرڈ گلاس نے اسکرین کو کئی بار گرنے سے بچا لیا ہے۔ میگنیٹک ڈیزائن نے کار ماؤنٹ کے ساتھ استعمال کو آسان بنا دیا ہے۔ کینٹی لیور پروٹیکشن نے کیمرے کے لیینس کو بھی محفوظ رکھا ہے۔ تعمیر معیاری ہے اور ہلکا وزن محسوس ہوتا ہے۔ رنگوں کا انتخاب خوبصورت ہے مگر کچھ رنگ وقت کے ساتھ ماند پڑ جاتے ہیں۔ کیس کھولنے اور بند کرنے میں کچھ مشکل پیش آتی ہے مگر یہ تحفظ کی خاطر قابل قبول ہے۔ یہ اپنی قیمت کے لحاظ سے بہترین تحفظ فراہم کرتا ہے۔,1,chatGPT,urdu
اس برقی چمچے نے ہمارے بچے کے کھانے کے مسائل کو حل کر دیا ہے۔ خودکار نظام نے کھانا خود ہی چمچے میں لے کر بچے کے منہ تک پہنچا دیا ہے۔ 3 مختلف رفتاروں نے ہر قسم کے کھانے کے لیے موزوں ترتیب دی ہے۔ صفائی کرنا انتہائی آسان ہے کیونکہ تمام حصے ڈش واشر سیف ہیں۔ 2 گھنٹے کی بیٹری لائف نے ایک وقت کے کھانے کے لیے کافی ہے۔ ہلکا وزن اور ارگونومک ڈیزائن نے استعمال کو آسان بنا دیا ہے۔ کچھ گاڑھے کھانے چمچے میں پھنس جاتے ہیں جو تھوڑا پریشان کن ہو سکتا ہے۔ یہ نئے والدین کے لیے ایک بہترین تحفہ ہے۔,1,chatGPT,urdu
یہ واٹر فلاسکر میں نے اپنے دفتر کے لیے خریدا ہے اور یہ میری روزمرہ کی ضروریات کو پورا کرتا ہے۔ 2 لیٹر کی گنجائش نے پورے دن کے لیے کافی پانی ذخیرہ کر لیا ہے۔ ٹائم مارکر نے مجھے پانی پینے کی مقدار کو ٹریک کرنے میں مدد کی ہے۔ لیڈ فری مواد نے پانی کے ذائقے کو محفوظ رکھا ہے۔ ڈسٹ اور لیک پروف ڈیزائن نے بیگ میں رکھنے کو آسان بنا دیا ہے۔ وزن ہلکا ہے مگر مضبوط محسوس ہوتا ہے۔ صرف ایک مسئلہ یہ ہے کہ ٹاپ کو کھولنے میں کچھ دقت ہوتی ہے۔ یہ صحت مند زندگی گزارنے کے خواہشمند افراد کے لیے ایک بہترین انتخاب ہے۔,1,chatGPT,urdu
اس ہیئر اسٹریٹنر نے میری بیوی کے بالوں کو بالکل سیدھا کر دیا ہے۔ سرامک پلیٹس نے بالوں کو نقصان پہنچائے بغیر ہموار کیا ہے۔ 5 درجہ حرارت کی سطحوں نے ہر قسم کے بالوں کے لیے موزوں ترتیب دی ہے۔ 30 سیکنڈ میں گرم ہونے کی صلاحیت نے وقت بچایا ہے۔ کولنگ موڈ نے جلنے کے خطرے کو کم کیا ہے۔ وزن کچھ زیادہ ہے مگر ارگونومک ڈیزائن نے استعمال کو آسان بنا دیا ہے۔ 2 میٹر کی طویل کیبل نے استعمال میں لچک دی ہے۔ یہ اپنی قیمت کے لحاظ سے بہترین کارکردگی پیش کرتا ہے۔,1,chatGPT,urdu
یہ سمارٹ گھڑی میں نے اپنی فٹنس ٹریکنگ کے لیے خریدا ہے اور یہ میری تمام توقعات پر پورا اترا ہے۔ 1.3 انچ کی AMOLED ڈسپلے نے معلومات کو واضح طور پر دکھایا ہے۔ 50 میٹر واٹر پروف ڈیزائن نے تیراکی کے دوران بھی استعمال کرنا ممکن بنا دیا ہے۔ 14 دن تک بیٹری لائف نے مجھے بار بار چارج کرنے سے بچا لیا ہے۔ 24/7 ہارٹ ریٹ اور بلڈ آکسیجن مانیٹرنگ نے میری صحت پر نظر رکھنا آسان بنا دیا ہے۔ 100 سے زائد سپورٹس موڈز نے ہر قسم کی ورزش کو ریکارڈ کرنا ممکن بنا دیا ہے۔ یہ صحت مند زندگی گزارنے کے خواہشمند افراد کے لیے ایک بہترین انتخاب ہے۔,1,chatGPT,urdu
یہ وائرلیس چارجر میں نے اپنے اسمارٹ فون کے لیے خریدا ہے اور یہ ایک شاندار ایجاد ہے۔ 15 واٹ کی تیز چارجنگ نے بیٹری کو 2 گھنٹے میں مکمل چارج کر دیا ہے۔ 3 کوائل ڈیزائن نے فون کو کسی بھی پوزیشن میں رکھ کر چارج کرنا ممکن بنا دیا ہے۔ تعمیر معیاری ہے اور گرم ہونے سے بچانے کے لیے خصوصی نظام موجود ہے۔ سفید رنگ کا ڈیزائن میز پر ایک خوبصورت اضافہ ہے۔ چارجر کچھ بھاری ہے جو سفر کے دوران تھوڑا پریشان کن ہو سکتا ہے۔ یہ اپنی قیمت کے لحاظ سے بہترین کارکردگی پیش کرتا ہے۔,1,chatGPT,urdu
اس ایئر فرائر نے ہماری کھانا پکانے کی عادات کو مکمل طور پر بدل دیا ہے۔ 5.5 لیٹر کی گنجائش نے ہمارے 4 رکنی خاندان کے لیے کافی ہے۔ 7 مختلف ککنگ موڈز نے کھانوں کی اقسام کو بڑھا دیا ہے۔ چکن کے پراٹھے اور فرنچ فرائز کا ذائقہ تیل میں تلے ہوئے جیسا ہی ہے مگر صحت بخش طریقے سے تیار ہوتا ہے۔ صفائی کرنا انتہائی آسان ہے مگر کچھ کھانے کے ذرات کونوں میں پھنس جاتے ہیں۔ ٹچ کنٹرولز حساس ہیں مگر کبھی کبھی غلطی سے چل جاتے ہیں۔ یہ گھریلو خواتین کے لیے ایک بہترین انتخاب ہے۔,1,chatGPT,urdu
یہ سمارٹ ڈور لاک ہم نے اپنے گھر کی حفاظت کے لیے خریدا ہے اور یہ ایک شاندار انتخاب ثابت ہوا ہے۔ فنگر پرنٹ اور پن کوڈ دونوں طریقوں سے کھلنے کی سہولت نے رسائی کو آسان بنا دیا ہے۔ موبائل ایپ نے دور سے کنٹرول کرنا ممکن بنا دیا ہے۔ تعمیر مضبوط ہے اور موسمی حالات کو برداشت کر سکتی ہے۔ 6 ماہ تک بیٹری لائف نے بار بار تبدیل کرنے سے بچا لیا ہے۔ تنصیب میں کچھ دشواری ہوئی مگر ہدایات کی مدد سے ممکن ہو سکا۔ یہ جدید حفاظتی نظام چاہنے والوں کے لیے ایک بہترین انتخاب ہے۔,1,chatGPT,urdu
یہ پورٹیبل بلوٹوتھ اسپیکر میں نے اپنے سفر کے لیے خریدا ہے اور یہ میری تمام توقعات پر پورا اترا ہے۔ 20 واٹ کی آواز کی طاقت نے کسی بھی جگہ کو پارٹی زون بنا دیا ہے۔ 15 گھنٹے کی بیٹری لائف نے لمبی ڈرائیو کو مزیدار بنا دیا ہے۔ IPX7 واٹر پروف ریٹنگ نے بارش اور پانی سے محفوظ رکھا ہے۔ بلوٹوتھ کنکشن تیز ہے مگر 30 فٹ سے زیادہ فاصلے پر کنکشن میں خلل پڑتا ہے۔ وزن ہلکا ہے اور کیری بیگ میں رکھنا آسان ہے۔ یہ مسافروں اور بیرونی سرگرمیوں کے شوقین افراد کے لیے ایک بہترین انتخاب ہے۔,1,chatGPT,urdu
"اس الیکٹرک ٹوتھ برش نے میری دانتوں کی صفائی کو ایک نئے درجے پر پہنچا دیا ہے۔ 40,000 RPM کی رفتار نے دانتوں کی مکمل صفائی ممکن بنا دی ہے۔ 3 مختلف موڈز نے حساس دانتوں کے لیے بھی موزوں ترتیب دی ہے۔ 2 ہفتے تک بیٹری لائف نے سفر کے دوران استعمال کو آسان بنا دیا ہے۔ اسمارٹ ٹائمر نے 2 منٹ کی برشنگ کو یقینی بنایا ہے۔ صاف کرنا انتہائی آسان ہے مگر ہیڈ کو تبدیل کرنے کی ضرورت پڑتی ہے۔ یہ اپنی قیمت کے لحاظ سے بہترین کارکردگی پیش کرتا ہے۔",1,chatGPT,urdu
