text,label,model,source
یہ سمارٹ واچ میں نے اپنے والد کے لیے خریدا ہے اور وہ اس سے بہت خوش ہیں۔ ہارٹ ریٹ مانیٹرنگ، بلڈ پریشر چیک کرنے کی سہولت اور نیند کے معیار کا تجزیہ انتہائی درست طریقے سے کام کرتے ہیں۔ 10 دن تک بیٹری لائف بہترین ہے مگر اسکرین کو ہمیشہ آن رکھنے پر یہ کم ہو جاتی ہے۔ واٹر پروف ڈیزائن نے بارش میں بھی کام کرنا ممکن بنا دیا ہے۔ فون کالز اور میسجز کی اطلاع دینے کا نظام بہت عمدہ ہے مگر کبھی کبھی نوٹیفکیشنز میں تاخیر ہو جاتی ہے۔ فٹنس ٹریکر کے 15 سے زائد موڈز نے ورزش کو مزید دلچسپ بنا دیا ہے۔ والدین کے لیے یہ ایک بہترین تحفہ ہے جو ان کی صحت پر نظر رکھنے میں مدد کرتا ہے۔,1,chatGPT,urdu
یہ بلوٹوتھ اسپیکر میں نے اپنے دفتر کے لیے خریدا ہے اور اس کی کارکردگی نے مجھے حیران کر دیا ہے۔ 20 واٹ کی آواز کی طاقت نے ہمارے 300 مربع فٹ کے کمرے کو مکمل طور پر گھیر لیا ہے۔ بیس بوسٹ ٹیکنالوجی نے موسیقی کو ایک نئے درجے پر پہنچا دیا ہے۔ 12 گھنٹے کی بیٹری لائف سفر کے لیے بہترین ہے مگر مکمل چارج ہونے میں 3 گھنٹے لگتے ہیں۔ پانی اور دھول سے بچاؤ کی خصوصیات نے اسے باہر استعمال کے لیے موزوں بنا دیا ہے۔ بلوٹوتھ کنکشن تیز ہے مگر 30 فٹ سے زیادہ فاصلے پر کنکشن میں خلل پڑتا ہے۔ اسپیکر کی تعمیر معیاری ہے اور اس کا وزن بھی مناسب ہے۔ یہ اپنی قیمت کے لحاظ سے بہترین انتخاب ہے۔,1,chatGPT,urdu
یہ ایئر فرائر میں نے اپنی بیوی کی فرمائش پر خریدا ہے اور یہ ہماری روزمرہ کی کھانا پکانے کی عادات کو بدل دیا ہے۔ 5.5 لیٹر کی گنجائش نے ہمارے 4 رکنی خاندان کے لیے کافی ہے۔ 7 مختلف پکانے کے طریقوں نے کھانوں کی اقسام کو بڑھا دیا ہے۔ چکن کے پراٹھے اور فرنچ فرائز کا ذائقہ تیل میں تلے ہوئے جیسا ہی ہے مگر صحت بخش طریقے سے تیار ہوتا ہے۔ صفائی کرنا انتہائی آسان ہے مگر کچھ کھانے کے ذرات کونوں میں پھنس جاتے ہیں۔ ٹچ اسکرین کنٹرولز حساس ہیں مگر کبھی کبھی غلطی سے چل جاتے ہیں۔ 2 سال کی وارنٹی نے اعتماد میں اضافہ کیا ہے۔ یہ گھریلو خواتین کے لیے ایک بہترین انتخاب ہے جو صحت مند کھانا پکانا چاہتی ہیں۔,1,chatGPT,urdu
اس ریفریجریٹر نے ہماری زندگی کو آسان بنا دیا ہے۔ ڈبل ڈور ڈیزائن اور 550 لیٹر کی گنجائش نے ہمارے تمام کھانے پینے کی اشیاء کو باآسانی سما لیا ہے۔ انورٹر ٹیکنالوجی نے بجلی کے بل میں 30 فیصد تک کمی کر دی ہے۔ اسمارٹ کولنگ سسٹم نے ہر شے کو اس کے مناسب درجہ حرارت پر رکھنا ممکن بنا دیا ہے۔ آئس میکر اور واٹر ڈسپنسر کی سہولت گرمیوں میں بہت کام آتی ہے۔ تعمیر معیاری ہے مگر دروازے کا ہینڈل کچھ کمزور محسوس ہوتا ہے۔ شور کی سطح انتہائی کم ہے جو رات کے وقت بھی پریشان نہیں کرتا۔ یہ اپنی قیمت کے لحاظ سے بہترین فیچرز پیش کرتا ہے۔,1,chatGPT,urdu
یہ ویکیوم کلینر میں نے اپنے گھر کی صفائی کے لیے خریدا ہے اور اس نے میرا کام بہت آسان کر دیا ہے۔ 2000 واٹ کی طاقت نے قالینوں سے گندگی کو مکمل طور پر ختم کر دیا ہے۔ ہیپا فلٹر نے ہوا کو صاف رکھنے میں اہم کردار ادا کیا ہے۔ 5 میٹر کی طویل کیبل نے کمرے کے ہر کونے تک پہنچنا ممکن بنا دیا ہے۔ مختلف نوک کی شکلیں ہر قسم کی سطح کے لیے موزوں ہیں۔ وزن کچھ زیادہ ہے مگر پہیوں نے منتقلی کو آسان بنا دیا ہے۔ شور کی سطح قابل برداشت ہے مگر طویل استعمال کے بعد گرم ہو جاتا ہے۔ 2 سال کی وارنٹی نے مجھے اعتماد دیا ہے۔ یہ گھریلو استعمال کے لیے ایک بہترین انتخاب ہے۔,1,chatGPT,urdu
اس ڈیجیٹل تھرمامیٹر نے ہمارے گھر میں بخار کی نگرانی کو آسان بنا دیا ہے۔ ایک سیکنڈ میں درست نتائج دینے کی صلاحیت نے بچوں کے لیے اسے بہترین بنا دیا ہے۔ کان اور ماتھے دونوں کے لیے استعمال ہونے کی سہولت نے اس کی افادیت کو بڑھا دیا ہے۔ بیک لٹ ڈسپلے نے رات کے وقت پڑھنا آسان کر دیا ہے۔ 35 پچھلے ریکارڈز کو محفوظ کرنے کی سہولت نے ڈاکٹر کو دکھانے میں مدد کی ہے۔ تعمیر معیاری ہے مگر کچھ پلاسٹک کے حصے کمزور محسوس ہوتے ہیں۔ بیٹری لائف بہترین ہے اور 2 سال سے چل رہی ہے۔ یہ ہر گھر کی ضرورت ہے خاص طور پر بچوں والے خاندانوں کے لیے۔,1,chatGPT,urdu
یہ بلوٹوتھ ہیڈ فونز میں نے اپنے روزمرہ کے سفر کے لیے خریدے ہیں اور یہ میری تمام توقعات پر پورے اترے ہیں۔ 40 ملی میٹر ڈرائیورز نے موسیقی کو ایک نئے درجے پر پہنچا دیا ہے۔ 30 گھنٹے کی بیٹری لائف نے لمبے سفر کو مزیدار بنا دیا ہے۔ نائز مائیکروفون نے کالز کو واضح اور صاف کر دیا ہے۔ کان کے کپ انتہائی آرام دہ ہیں جو گھنٹوں استعمال کے بعد بھی تکلیف نہیں دیتے۔ فولڈ ایبل ڈیزائن نے اسٹوریج کو آسان بنا دیا ہے۔ بلوٹوتھ کنکشن مستحکم ہے مگر کبھی کبھار چھوٹے وقفے سے رابطہ منقطع ہو جاتا ہے۔ یہ اپنی قیمت کے لحاظ سے بہترین معیار پیش کرتے ہیں۔,1,chatGPT,urdu
اس سمارٹ ٹی وی نے ہمارے گھر کے تفریحی معیار کو بہتر بنا دیا ہے۔ 4K HDR ڈسپلے نے تصویر کو انتہائی واضح اور رنگین بنا دیا ہے۔ 55 انچ کی سکرین نے ہمارے لیونگ روم کو ایک سنیما ہال کی شکل دے دی ہے۔ اینڈرائیڈ آپریٹنگ سسٹم نے ایپس کی تنصیب کو آسان بنا دیا ہے۔ بلٹ ان وائی فائی نے کنکشن کو مستحکم کر دیا ہے۔ 20 واٹ کی آواز کی طاقت کافی ہے مگر میں نے الگ اسپیکرز لگا لیے ہیں۔ ریموٹ کنٹرول میں گوگل اسسٹنٹ کی سہولت نے استعمال کو مزید آسان بنا دیا ہے۔ یہ اپنی قیمت کے لحاظ سے بہترین فیچرز پیش کرتا ہے۔,1,chatGPT,urdu
یہ وائرلیس چارجر میں نے اپنے اسمارٹ فون کے لیے خریدا ہے اور یہ ایک شاندار ایجاد ہے۔ 15 واٹ کی تیز چارجنگ نے بیٹری کو 2 گھنٹے میں مکمل چارج کر دیا ہے۔ 3 کوائل ڈیزائن نے فون کو کسی بھی پوزیشن میں رکھ کر چارج کرنا ممکن بنا دیا ہے۔ تعمیر معیاری ہے اور گرم ہونے سے بچانے کے لیے خصوصی نظام موجود ہے۔ سفید رنگ کا ڈیزائن میز پر ایک خوبصورت اضافہ ہے۔ چارجر کچھ بھاری ہے جو سفر کے دوران تھوڑا پریشان کن ہو سکتا ہے۔ یہ اپنی قیمت کے لحاظ سے بہترین کارکردگی پیش کرتا ہے۔,1,chatGPT,urdu
اس برقی چمچے نے ہمارے بچے کے کھانے پینے کے مسائل کو حل کر دیا ہے۔ خودکار نظام نے کھانا خود ہی چمچے میں لے کر بچے کے منہ تک پہنچا دیا ہے۔ 3 مختلف رفتاروں نے ہر قسم کے کھانے کے لیے موزوں ترتیب دی ہے۔ صفائی کرنا انتہائی آسان ہے کیونکہ تمام حصے ڈش واشر سیف ہیں۔ 2 گھنٹے کی بیٹری لائف نے ایک وقت کے کھانے کے لیے کافی ہے۔ ہلکا وزن اور ارگونومک ڈیزائن نے استعمال کو آسان بنا دیا ہے۔ کچھ گاڑھے کھانے چمچے میں پھنس جاتے ہیں جو تھوڑا پریشان کن ہو سکتا ہے۔ یہ نئے والدین کے لیے ایک بہترین تحفہ ہے۔,1,chatGPT,urdu
