text,label,model,source
یہ پروجیکٹر اسکرین میں نے اپنے ہوم تھیٹر کے لیے خریدا ہے اور یہ ایک شاندار اضافہ ثابت ہوا ہے۔ 120 انچ کی اسکرین سائز نے فلم بینی کا تجربہ مکمل طور پر بدل دیا ہے۔ 4K ریزولوشن نے تصویر کو انتہائی واضح اور تفصیلی بنا دیا ہے۔ الٹرا شارپ کنٹراسٹ نے رنگوں کو زندہ کر دیا ہے۔ اسکرین کا مواد آنکھوں کے لیے آرام دہ ہے اور طویل دیکھنے پر بھی تھکاوٹ محسوس نہیں ہوتی۔ تنصیب آسان تھی مگر ہمیں درست پوزیشننگ کے لیے کئی بار ایڈجسٹمنٹ کرنی پڑی۔ اسکرین کا وزن ہلکا ہے مگر مضبوط محسوس ہوتا ہے۔ یہ اپنی قیمت کے لحاظ سے بہترین کارکردگی پیش کرتی ہے۔,1,chatGPT,urdu
یہ اسمارٹ گھڑی بچوں کے لیے میں نے اپنے بیٹے کے لیے خریدا ہے اور وہ اس سے بہت خوش ہے۔ جی پی ایس ٹریکر نے مجھے اس کی لوکیشن جاننے میں مدد کی ہے۔ 2 دن کی بیٹری لائف کافی ہے مگر ہیوی یوز کے دوران کم ہو جاتی ہے۔ واٹر پروف ڈیزائن نے تیراکی کے دوران بھی استعمال کرنا ممکن بنا دیا ہے۔ ایمرجنسی ایس او ایس بٹن نے مجھے اطمینان دیا ہے۔ گیمز اور کہانیوں کی خصوصیات نے بچے کو مصروف رکھا ہے۔ چارجنگ تیز ہے مگر کبھی کبھار کنکشن میں مسئلہ ہو جاتا ہے۔ یہ والدین کے لیے ایک بہترین تحفہ ہے جو اپنے بچوں کی حفاظت چاہتے ہیں۔,1,chatGPT,urdu
یہ سمارٹ گارڈن کٹ میں نے اپنے بالکونی کے لیے خریدا ہے اور یہ ایک شاندار ایجاد ہے۔ آٹومیٹک واٹرنگ سسٹم نے پودوں کی دیکھ بھال کو آسان بنا دیا ہے۔ ایل ای ڈی گرو لائٹس نے پودوں کی نشوونما میں مدد کی ہے۔ موبائل ایپ کنٹرول نے مجھے دور سے بھی نگرانی کرنے دی ہے۔ 10 لیٹر واٹر ٹینک کی گنجائش کافی ہے مگر گرمیوں میں روزانہ ریفیل کرنا پڑتا ہے۔ تعمیر معیاری ہے مگر کچھ پلاسٹک کے حصے کمزور محسوس ہوتے ہیں۔ یہ شہری کسانوں کے لیے ایک بہترین انتخاب ہے جو گھر میں سبزیاں اگانا چاہتے ہیں۔,1,chatGPT,urdu
یہ پرو ایئر فرائر میں نے اپنے ریسٹورنٹ کے لیے خریدا ہے اور یہ ایک شاندار خرید ثابت ہوا ہے۔ 8 لیٹر کی گنجائش نے بڑے پیمانے پر کھانا تیار کرنا ممکن بنا دیا ہے۔ 15 مختلف ککنگ پروگرامز نے میونو میں تنوع پیدا کیا ہے۔ سٹین لیس سٹیل کنسٹرکشن نے صفائی کو آسان بنا دیا ہے۔ توانائی کی بچت نے اخراجات کو کم کیا ہے۔ شور کی سطح کچھ زیادہ ہے مگر ریسٹورنٹ کے ماحول میں قابل برداشت ہے۔ یہ پیشہ ورانہ استعمال کے لیے ایک بہترین انتخاب ہے۔,1,chatGPT,urdu
یہ وائرلیس کار چارجر میں نے اپنی گاڑی کے لیے خریدا ہے اور یہ میری روزمرہ کی ضرورت بن چکا ہے۔ 15 واٹ کی فاسٹ چارجنگ نے فون کو تیزی سے چارج کیا ہے۔ یونیورسل فٹ نے تمام فونز کے ساتھ کام کیا ہے۔ گاڑی کے ڈیش بورڈ پر لگانا آسان ہے مگر کبھی کبھار پھسل جاتا ہے۔ چارجنگ انڈیکیٹر لائٹ نے صورتحال کو واضح کیا ہے۔ تعمیر مضبوط ہے اور گرمی سردی کو برداشت کرتی ہے۔ یہ مسافروں کے لیے ایک بہترین انتخاب ہے۔,1,chatGPT,urdu
یہ پروٹین شیک میکر میں نے اپنی فٹنس روٹین کے لیے خریدا ہے اور یہ میری تمام توقعات پر پورا اترا ہے۔ 500 واٹ کی طاقت نے تمام اجزاء کو ہموار طریقے سے ملا دیا ہے۔ 2 منٹ میں تیاری نے وقت بچایا ہے۔ صفائی کرنا انتہائی آسان ہے کیونکہ تمام حصے ڈش واشر سیف ہیں۔ شور کی سطح قابل برداشت ہے مگر صبح کے وقت کچھ پریشان کن ہو سکتا ہے۔ یہ فٹنس کے شوقین افراد کے لیے ایک بہترین انتخاب ہے۔,1,chatGPT,urdu
یہ سمارٹ دروازے کا لاک میں نے اپنے گھر کی حفاظت کے لیے خریدا ہے اور یہ ایک شاندار انتخاب ثابت ہوا ہے۔ فنگر پرنٹ سینسر نے رسائی کو آسان اور محفوظ بنا دیا ہے۔ موبائل ایپ کنٹرول نے مجھے دور سے بھی دروازہ کھولنے دیا ہے۔ 6 ماہ کی بیٹری لائف کافی ہے مگر چارجنگ انڈیکیٹر کی کمی محسوس ہوتی ہے۔ تعمیر مضبوط ہے اور موسمی حالات کو برداشت کرتی ہے۔ یہ جدید حفاظتی نظام چاہنے والوں کے لیے ایک بہترین انتخاب ہے۔,1,chatGPT,urdu
"یہ الٹرا سونک کپڑے دھونے والا آلہ میں نے اپنے گھر کے لیے خریدا ہے اور یہ ایک انوکھی ایجاد ہے۔ 40,000 ہرٹز کی فریکوئنسی نے داغوں کو بغیر صابن کے ختم کر دیا ہے۔ پورٹیبل سائز نے سفر کے دوران استعمال کو آسان بنا دیا ہے۔ 5 منٹ کا آپریشن وقت کافی ہے مگر گہرے داغوں کے لیے دہرانا پڑتا ہے۔ بیٹری لائف اچھی ہے مگر چارجنگ وقت زیادہ لگتا ہے۔ یہ حساس کپڑوں کے لیے ایک بہترین انتخاب ہے۔",1,chatGPT,urdu
یہ سمارٹ واکنگ اسٹک میں نے اپنے بزرگ والد کے لیے خریدا ہے اور وہ اس سے بہت خوش ہیں۔ ایڈجسٹیبل ہائٹ نے ان کی ضروریات کے مطابق ڈھال لیا ہے۔ اینٹی سلیپ بیس نے استحکام فراہم کیا ہے۔ لائٹ ویٹ ڈیزائن نے استعمال کو آسان بنا دیا ہے۔ فولڈ ایبل ڈیزائن نے سفر کے دوران اسٹوریج کو آسان بنا دیا ہے۔ ربڑ کے پیروں نے مختلف سطحوں پر اچھی گرفت دی ہے۔ یہ بزرگوں کے لیے ایک بہترین تحفہ ہے۔,1,chatGPT,urdu
یہ پروٹیبل یو وی سن اسکرین میں نے اپنے سفر کے لیے خریدا ہے اور یہ ایک شاندار خرید ثابت ہوا ہے۔ 99% یو وی پروٹیکشن نے مجھے دھوپ سے محفوظ رکھا ہے۔ فولڈ ایبل ڈیزائن نے اسٹوریج کو آسان بنا دیا ہے۔ ہلکا وزن اور مضبوط تعمیر نے استعمال کو آسان بنا دیا ہے۔ مختلف ایڈجسٹمنٹ اینگلز نے ہر صورتحال میں استعمال کرنا ممکن بنا دیا ہے۔ یہ مسافروں اور بیرونی سرگرمیوں کے شوقین افراد کے لیے ایک بہترین انتخاب ہے۔,1,chatGPT,urdu
