text,label,model,source
یہ سمارٹ ایئر پیوریفائر میں نے اپنے گھر کے لیے خریدا ہے اور یہ ایک شاندار خرید ثابت ہوا ہے۔ HEPA فلٹر نے ہوا سے 99.97% جراثیم اور الرجینز کو ختم کر دیا ہے۔ اسمارٹ سینسرز نے ہوا کے معیار کو خودکار طریقے سے کنٹرول کیا ہے۔ 5 مختلف فین سپیڈز نے ہر موسم کے لیے موزوں ترتیب دی ہے۔ موبائل ایپ کنٹرول نے مجھے دور سے بھی چلانے دیا ہے۔ رات کے موڈ نے شور کو کم کر کے نیند کو بہتر بنایا ہے۔ صرف ایک مسئلہ یہ ہے کہ فلٹرز کی قیمت کچھ زیادہ ہے۔ یہ الرجی کے مریضوں کے لیے ایک بہترین انتخاب ہے۔,1,chatGPT,urdu
یہ پروٹیبل بلینڈر میں نے اپنے سفر کے لیے خریدا ہے اور یہ میری تمام توقعات پر پورا اترا ہے۔ 300 واٹ کی طاقت نے پھلوں کو ہموار طریقے سے بلینڈ کیا ہے۔ USB چارجنگ نے کہیں بھی استعمال کرنا ممکن بنا دیا ہے۔ 2 مختلف کپ سائزز نے ہر صورتحال کے لیے موزوں ترتیب دی ہے۔ صفائی کرنا انتہائی آسان ہے کیونکہ تمام حصے ڈش واشر سیف ہیں۔ 10 منٹ کی بیٹری لائف کافی ہے مگر ہیوی یوز کے لیے کم ہے۔ یہ مسافروں اور فٹنس کے شوقین افراد کے لیے ایک بہترین انتخاب ہے۔,1,chatGPT,urdu
یہ سمارٹ گارڈن واٹرنگ سسٹم میں نے اپنے باغ کے لیے خریدا ہے اور یہ ایک شاندار ایجاد ہے۔ موبائل ایپ کنٹرول نے مجھے دور سے بھی پانی دینے دیا ہے۔ موسمی سینسرز نے بارش کی صورت میں خودکار طور پر نظام بند کر دیا ہے۔ 6 مختلف زونز نے ہر پودے کی ضروریات کو پورا کیا ہے۔ شمسی توانائی سے چلنے والا نظام نے بجلی کے بل کو کم کیا ہے۔ تنصیب میں کچھ دشواری ہوئی مگر ہدایات کی مدد سے ممکن ہو سکا۔ یہ باغبانوں کے لیے ایک بہترین انتخاب ہے۔,1,chatGPT,urdu
یہ پروٹیبل ہیئر ڈرائر میں نے اپنے سفر کے لیے خریدا ہے اور یہ ایک شاندار خرید ثابت ہوا ہے۔ فولڈ ایبل ڈیزائن نے اسٹوریج کو آسان بنا دیا ہے۔ 2 مختلف ہیٹ سیٹنگز نے ہر قسم کے بالوں کے لیے موزوں ترتیب دی ہے۔ یونیورسل وولٹیج نے بین الاقوامی سفر کو آسان بنا دیا ہے۔ صرف 1 پاؤنڈ وزن نے سامان میں اضافہ محسوس نہیں ہونے دیا۔ شور کی سطح کچھ زیادہ ہے مگر سفر کے لیے قابل قبول ہے۔ یہ مسافروں کے لیے ایک بہترین انتخاب ہے۔,1,chatGPT,urdu
یہ سمارٹ ڈور اسٹاپر میں نے اپنے گھر کی حفاظت کے لیے خریدا ہے اور یہ ایک شاندار انتخاب ثابت ہوا ہے۔ الٹرا سونک سینسرز نے غیر ضروری دروازے کھلنے سے روک دیا ہے۔ موبائل ایپ کنٹرول نے مجھے دور سے بھی نظام کو کنٹرول کرنے دیا ہے۔ 1 سال کی بیٹری لائف کافی ہے مگر چارجنگ انڈیکیٹر کی کمی محسوس ہوتی ہے۔ تعمیر مضبوط ہے اور موسمی حالات کو برداشت کرتی ہے۔ یہ گھروں اور دفاتر دونوں کے لیے ایک بہترین انتخاب ہے۔,1,chatGPT,urdu
یہ پروٹیبل کولنگ پیڈ میں نے اپنے دفتر کے لیے خریدا ہے اور یہ ایک شاندار ایجاد ہے۔ USB پاور نے اسے کہیں بھی استعمال کرنا ممکن بنا دیا ہے۔ 3 مختلف کولنگ لیولز نے ہر موسم کے لیے موزوں ترتیب دی ہے۔ ہلکا وزن اور کمپیکٹ ڈیزائن نے استعمال کو آسان بنا دیا ہے۔ صفائی کرنا آسان ہے مگر کچھ حصوں میں گرد جمع ہو جاتی ہے۔ یہ گرمیوں میں کام کرنے والوں کے لیے ایک بہترین انتخاب ہے۔,1,chatGPT,urdu
یہ سمارٹ شیوز ریک میں نے اپنے گھر کے لیے خریدا ہے اور یہ ایک شاندار اضافہ ثابت ہوا ہے۔ 8 جوڑی جوتوں کی گنجائش نے انٹری وے کو منظم کیا ہے۔ واٹر پروف میٹریل نے گیلی چپلوں کو بھی محفوظ رکھا ہے۔ فولڈ ایبل ڈیزائن نے اسٹوریج کو آسان بنا دیا ہے۔ تنصیب آسان تھی مگر ہمیں درست پوزیشن کے لیے کئی بار ایڈجسٹمنٹ کرنی پڑی۔ یہ گھریلو استعمال کے لیے ایک بہترین انتخاب ہے۔,1,chatGPT,urdu
یہ پروٹیبل ہیئر ٹرمر میں نے اپنے سفر کے لیے خریدا ہے اور یہ ایک شاندار خرید ثابت ہوا ہے۔ 3 مختلف کلپ سائزز نے ہر قسم کے بالوں کے لیے موزوں ترتیب دی ہے۔ ہلکا وزن اور کمپیکٹ ڈیزائن نے سفر کے دوران استعمال کو آسان بنا دیا ہے۔ بیٹری لائف اچھی ہے مگر چارجنگ ٹائم کچھ زیادہ ہے۔ شور کی سطح کم ہے جو استعمال کو آرام دہ بناتی ہے۔ یہ مسافروں کے لیے ایک بہترین انتخاب ہے۔,1,chatGPT,urdu
یہ سمارٹ پانی کی بوتل میں نے اپنی فٹنس روٹین کے لیے خریدا ہے اور یہ میری تمام توقعات پر پورا اترا ہے۔ 1 لیٹر کی گنجائش نے پورے دن کے لیے کافی پانی ذخیرہ کر لیا ہے۔ ٹائم مارکر نے مجھے پانی پینے کی مقدار کو ٹریک کرنے میں مدد کی ہے۔ لیڈ فری مواد نے پانی کے ذائقے کو محفوظ رکھا ہے۔ لیک پروف ڈیزائن نے بیگ میں رکھنے کو آسان بنا دیا ہے۔ وزن ہلکا ہے مگر مضبوط محسوس ہوتا ہے۔ یہ صحت مند زندگی گزارنے کے خواہشمند افراد کے لیے ایک بہترین انتخاب ہے۔,1,chatGPT,urdu
یہ پروٹیبل وائی فائی ہاٹ اسپاٹ میں نے اپنے سفر کے لیے خریدا ہے اور یہ ایک شاندار خرید ثابت ہوا ہے۔ 4G سپورٹ نے تیز انٹرنیٹ سپیڈ فراہم کی ہے۔ 10 گھنٹے کی بیٹری لائف کافی ہے مگر ہیوی یوز کے دوران کم ہو جاتی ہے۔ 10 کنیکٹڈ ڈیوائسز کی سپورٹ نے گروپ سفر کو آسان بنا دیا ہے۔ ہلکا وزن اور کمپیکٹ ڈیزائن نے سفر کے دوران استعمال کو آسان بنا دیا ہے۔ یہ مسافروں کے لیے ایک بہترین انتخاب ہے۔,1,chatGPT,urdu
